"table_schema","table_name","classification","columns","foreign_keys","row_count","strategy"
miclub,activities,TENANT_DATA,"[{""name"": ""id"", ""type"": ""uuid"", ""default"": ""gen_random_uuid()"", ""nullable"": ""NO""}, {""name"": ""sector_id"", ""type"": ""uuid"", ""default"": null, ""nullable"": ""NO""}, {""name"": ""manager_person_id"", ""type"": ""uuid"", ""default"": null, ""nullable"": ""YES""}, {""name"": ""code"", ""type"": ""text"", ""default"": null, ""nullable"": ""YES""}, {""name"": ""name"", ""type"": ""text"", ""default"": null, ""nullable"": ""NO""}, {""name"": ""modality"", ""type"": ""text"", ""default"": null, ""nullable"": ""YES""}, {""name"": ""color"", ""type"": ""text"", ""default"": ""'#7DD3FC'::text"", ""nullable"": ""NO""}, {""name"": ""monthly_fee"", ""type"": ""numeric"", ""default"": ""0"", ""nullable"": ""NO""}, {""name"": ""club_commission_percent"", ""type"": ""numeric"", ""default"": ""0"", ""nullable"": ""NO""}, {""name"": ""instructor_commission_percent"", ""type"": ""numeric"", ""default"": ""0"", ""nullable"": ""NO""}, {""name"": ""max_capacity"", ""type"": ""integer"", ""default"": null, ""nullable"": ""YES""}, {""name"": ""status"", ""type"": ""USER-DEFINED"", ""default"": ""'activa'::entity_status"", ""nullable"": ""NO""}, {""name"": ""notes"", ""type"": ""text"", ""default"": null, ""nullable"": ""YES""}, {""name"": ""created_at"", ""type"": ""timestamp with time zone"", ""default"": ""now()"", ""nullable"": ""NO""}, {""name"": ""updated_at"", ""type"": ""timestamp with time zone"", ""default"": ""now()"", ""nullable"": ""NO""}, {""name"": ""instructor_id"", ""type"": ""uuid"", ""default"": null, ""nullable"": ""NO""}, {""name"": ""club_id"", ""type"": ""uuid"", ""default"": null, ""nullable"": ""NO""}, {""name"": ""description"", ""type"": ""text"", ""default"": null, ""nullable"": ""YES""}, {""name"": ""generates_enrollments"", ""type"": ""boolean"", ""default"": ""true"", ""nullable"": ""NO""}, {""name"": ""settlement_mode"", ""type"": ""text"", ""default"": null, ""nullable"": ""YES""}, {""name"": ""settlement_fixed_amount"", ""type"": ""numeric"", ""default"": null, ""nullable"": ""YES""}, {""name"": ""settlement_category_id"", ""type"": ""uuid"", ""default"": null, ""nullable"": ""YES""}, {""name"": ""archived_at"", ""type"": ""timestamp with time zone"", ""default"": null, ""nullable"": ""YES""}, {""name"": ""created_by"", ""type"": ""uuid"", ""default"": null, ""nullable"": ""YES""}, {""name"": ""updated_by"", ""type"": ""uuid"", ""default"": null, ""nullable"": ""YES""}, {""name"": ""icon_key"", ""type"": ""text"", ""default"": null, ""nullable"": ""YES""}]","[{""constraint"": ""activities_club_id_fkey"", ""definition"": ""FOREIGN KEY (club_id) REFERENCES clubs(id)"", ""references"": ""clubs""}, {""constraint"": ""activities_created_by_fkey"", ""definition"": ""FOREIGN KEY (created_by) REFERENCES people(id) NOT VALID"", ""references"": ""people""}, {""constraint"": ""activities_icon_key_fkey"", ""definition"": ""FOREIGN KEY (icon_key) REFERENCES activity_icon_catalog(icon_key)"", ""references"": ""activity_icon_catalog""}, {""constraint"": ""activities_instructor_tenant_fkey"", ""definition"": ""FOREIGN KEY (instructor_id, club_id) REFERENCES instructors(id, club_id) ON DELETE RESTRICT"", ""references"": ""instructors""}, {""constraint"": ""activities_manager_person_tenant_fkey"", ""definition"": ""FOREIGN KEY (manager_person_id, club_id) REFERENCES people(id, club_id) ON DELETE RESTRICT"", ""references"": ""people""}, {""constraint"": ""activities_sector_tenant_fkey"", ""definition"": ""FOREIGN KEY (sector_id, club_id) REFERENCES sectors(id, club_id) ON DELETE RESTRICT"", ""references"": ""sectors""}, {""constraint"": ""activities_settlement_category_fkey"", ""definition"": ""FOREIGN KEY (settlement_category_id) REFERENCES movement_categories(id) NOT VALID"", ""references"": ""movement_categories""}, {""constraint"": ""activities_updated_by_fkey"", ""definition"": ""FOREIGN KEY (updated_by) REFERENCES people(id) NOT VALID"", ""references"": ""people""}]",37,"DELETE por club_id, hijos FK primero"
miclub,activity_fee_cleanup_candidates,TENANT_DATA,"[{""name"": ""activity_id"", ""type"": ""uuid"", ""default"": null, ""nullable"": ""NO""}, {""name"": ""activity_monthly_fee"", ""type"": ""numeric"", ""default"": null, ""nullable"": ""NO""}, {""name"": ""max_normalized_enrollment_fee"", ""type"": ""numeric"", ""default"": null, ""nullable"": ""NO""}, {""name"": ""active_enrollments_count"", ""type"": ""integer"", ""default"": null, ""nullable"": ""NO""}, {""name"": ""detected_at"", ""type"": ""timestamp with time zone"", ""default"": ""now()"", ""nullable"": ""NO""}, {""name"": ""club_id"", ""type"": ""uuid"", ""default"": null, ""nullable"": ""NO""}]","[{""constraint"": ""activity_fee_cleanup_candidates_activity_id_fkey"", ""definition"": ""FOREIGN KEY (activity_id) REFERENCES activities(id) ON DELETE CASCADE"", ""references"": ""activities""}, {""constraint"": ""activity_fee_cleanup_candidates_club_id_fkey"", ""definition"": ""FOREIGN KEY (club_id) REFERENCES clubs(id)"", ""references"": ""clubs""}]",0,"DELETE por club_id, hijos FK primero"
miclub,activity_fee_history,TENANT_DATA,"[{""name"": ""id"", ""type"": ""uuid"", ""default"": ""gen_random_uuid()"", ""nullable"": ""NO""}, {""name"": ""activity_id"", ""type"": ""uuid"", ""default"": null, ""nullable"": ""NO""}, {""name"": ""previous_monthly_fee"", ""type"": ""numeric"", ""default"": null, ""nullable"": ""YES""}, {""name"": ""new_monthly_fee"", ""type"": ""numeric"", ""default"": null, ""nullable"": ""NO""}, {""name"": ""source"", ""type"": ""text"", ""default"": ""'google_sheets_import'::text"", ""nullable"": ""NO""}, {""name"": ""raw_fee_amount_text"", ""type"": ""text"", ""default"": null, ""nullable"": ""YES""}, {""name"": ""raw_fee_amount"", ""type"": ""numeric"", ""default"": null, ""nullable"": ""YES""}, {""name"": ""normalization_reason"", ""type"": ""text"", ""default"": null, ""nullable"": ""YES""}, {""name"": ""import_batch_id"", ""type"": ""uuid"", ""default"": null, ""nullable"": ""YES""}, {""name"": ""changed_at"", ""type"": ""timestamp with time zone"", ""default"": ""now()"", ""nullable"": ""NO""}, {""name"": ""club_id"", ""type"": ""uuid"", ""default"": null, ""nullable"": ""NO""}]","[{""constraint"": ""activity_fee_history_activity_id_fkey"", ""definition"": ""FOREIGN KEY (activity_id) REFERENCES activities(id) ON DELETE CASCADE"", ""references"": ""activities""}, {""constraint"": ""activity_fee_history_club_id_fkey"", ""definition"": ""FOREIGN KEY (club_id) REFERENCES clubs(id)"", ""references"": ""clubs""}, {""constraint"": ""activity_fee_history_import_batch_id_fkey"", ""definition"": ""FOREIGN KEY (import_batch_id) REFERENCES import_batches(id)"", ""references"": ""import_batches""}]",0,"DELETE por club_id, hijos FK primero"
miclub,activity_icon_catalog,GLOBAL_STRUCTURAL,"[{""name"": ""icon_key"", ""type"": ""text"", ""default"": null, ""nullable"": ""NO""}, {""name"": ""display_name"", ""type"": ""text"", ""default"": null, ""nullable"": ""NO""}, {""name"": ""sort_order"", ""type"": ""integer"", ""default"": null, ""nullable"": ""NO""}, {""name"": ""created_at"", ""type"": ""timestamp with time zone"", ""default"": ""now()"", ""nullable"": ""NO""}]","[]",20,CONSERVAR y comparar huella
miclub,activity_schedules,UNKNOWN,"[{""name"": ""id"", ""type"": ""uuid"", ""default"": ""gen_random_uuid()"", ""nullable"": ""NO""}, {""name"": ""activity_id"", ""type"": ""uuid"", ""default"": null, ""nullable"": ""NO""}, {""name"": ""weekday"", ""type"": ""smallint"", ""default"": null, ""nullable"": ""NO""}, {""name"": ""start_time"", ""type"": ""time without time zone"", ""default"": null, ""nullable"": ""NO""}, {""name"": ""end_time"", ""type"": ""time without time zone"", ""default"": null, ""nullable"": ""NO""}, {""name"": ""room_label"", ""type"": ""text"", ""default"": null, ""nullable"": ""YES""}, {""name"": ""created_at"", ""type"": ""timestamp with time zone"", ""default"": ""now()"", ""nullable"": ""NO""}]","[{""constraint"": ""activity_schedules_activity_id_fkey"", ""definition"": ""FOREIGN KEY (activity_id) REFERENCES activities(id) ON DELETE CASCADE"", ""references"": ""activities""}]",0,REVISIÓN OBLIGATORIA; reset bloqueado si contiene filas
miclub,activity_settlement_allocations,TENANT_DATA,"[{""name"": ""id"", ""type"": ""uuid"", ""default"": ""gen_random_uuid()"", ""nullable"": ""NO""}, {""name"": ""club_id"", ""type"": ""uuid"", ""default"": null, ""nullable"": ""NO""}, {""name"": ""settlement_id"", ""type"": ""uuid"", ""default"": null, ""nullable"": ""NO""}, {""name"": ""movement_id"", ""type"": ""uuid"", ""default"": null, ""nullable"": ""YES""}, {""name"": ""allocation_type"", ""type"": ""text"", ""default"": null, ""nullable"": ""NO""}, {""name"": ""amount"", ""type"": ""numeric"", ""default"": null, ""nullable"": ""NO""}, {""name"": ""status"", ""type"": ""text"", ""default"": ""'PENDIENTE'::text"", ""nullable"": ""NO""}, {""name"": ""occurred_at"", ""type"": ""timestamp with time zone"", ""default"": null, ""nullable"": ""NO""}, {""name"": ""completed_at"", ""type"": ""timestamp with time zone"", ""default"": null, ""nullable"": ""YES""}, {""name"": ""voided_at"", ""type"": ""timestamp with time zone"", ""default"": null, ""nullable"": ""YES""}, {""name"": ""created_at"", ""type"": ""timestamp with time zone"", ""default"": ""now()"", ""nullable"": ""NO""}]","[{""constraint"": ""activity_settlement_allocations_club_id_fkey"", ""definition"": ""FOREIGN KEY (club_id) REFERENCES clubs(id)"", ""references"": ""clubs""}, {""constraint"": ""activity_settlement_allocations_movement_tenant_fkey"", ""definition"": ""FOREIGN KEY (movement_id, club_id) REFERENCES movements(id, club_id) ON DELETE RESTRICT"", ""references"": ""movements""}, {""constraint"": ""activity_settlement_allocations_tenant_fkey"", ""definition"": ""FOREIGN KEY (settlement_id, club_id) REFERENCES activity_settlements(id, club_id)"", ""references"": ""activity_settlements""}]",0,"DELETE por club_id, hijos FK primero"
miclub,activity_settlements,TENANT_DATA,"[{""name"": ""id"", ""type"": ""uuid"", ""default"": ""gen_random_uuid()"", ""nullable"": ""NO""}, {""name"": ""club_id"", ""type"": ""uuid"", ""default"": null, ""nullable"": ""NO""}, {""name"": ""activity_id"", ""type"": ""uuid"", ""default"": null, ""nullable"": ""NO""}, {""name"": ""activity_term_id"", ""type"": ""uuid"", ""default"": null, ""nullable"": ""NO""}, {""name"": ""period_from"", ""type"": ""date"", ""default"": null, ""nullable"": ""NO""}, {""name"": ""period_to"", ""type"": ""date"", ""default"": null, ""nullable"": ""NO""}, {""name"": ""status"", ""type"": ""text"", ""default"": ""'PENDIENTE'::text"", ""nullable"": ""NO""}, {""name"": ""calculated_at"", ""type"": ""timestamp with time zone"", ""default"": ""now()"", ""nullable"": ""NO""}, {""name"": ""completed_at"", ""type"": ""timestamp with time zone"", ""default"": null, ""nullable"": ""YES""}, {""name"": ""voided_at"", ""type"": ""timestamp with time zone"", ""default"": null, ""nullable"": ""YES""}, {""name"": ""created_at"", ""type"": ""timestamp with time zone"", ""default"": ""now()"", ""nullable"": ""NO""}]","[{""constraint"": ""activity_settlements_activity_tenant_fkey"", ""definition"": ""FOREIGN KEY (activity_id, club_id) REFERENCES activities(id, club_id)"", ""references"": ""activities""}, {""constraint"": ""activity_settlements_club_id_fkey"", ""definition"": ""FOREIGN KEY (club_id) REFERENCES clubs(id)"", ""references"": ""clubs""}, {""constraint"": ""activity_settlements_term_tenant_fkey"", ""definition"": ""FOREIGN KEY (activity_term_id, activity_id, club_id) REFERENCES activity_terms(id, activity_id, club_id)"", ""references"": ""activity_terms""}]",0,"DELETE por club_id, hijos FK primero"
miclub,activity_terms,TENANT_DATA,"[{""name"": ""id"", ""type"": ""uuid"", ""default"": ""gen_random_uuid()"", ""nullable"": ""NO""}, {""name"": ""club_id"", ""type"": ""uuid"", ""default"": null, ""nullable"": ""NO""}, {""name"": ""activity_id"", ""type"": ""uuid"", ""default"": null, ""nullable"": ""NO""}, {""name"": ""mode"", ""type"": ""text"", ""default"": null, ""nullable"": ""NO""}, {""name"": ""monthly_fixed_fee"", ""type"": ""numeric"", ""default"": null, ""nullable"": ""YES""}, {""name"": ""club_share_percentage"", ""type"": ""numeric"", ""default"": null, ""nullable"": ""YES""}, {""name"": ""effective_from"", ""type"": ""date"", ""default"": null, ""nullable"": ""NO""}, {""name"": ""effective_to"", ""type"": ""date"", ""default"": null, ""nullable"": ""YES""}, {""name"": ""created_at"", ""type"": ""timestamp with time zone"", ""default"": ""now()"", ""nullable"": ""NO""}, {""name"": ""updated_at"", ""type"": ""timestamp with time zone"", ""default"": ""now()"", ""nullable"": ""NO""}, {""name"": ""created_by"", ""type"": ""uuid"", ""default"": null, ""nullable"": ""YES""}, {""name"": ""updated_by"", ""type"": ""uuid"", ""default"": null, ""nullable"": ""YES""}]","[{""constraint"": ""activity_terms_activity_tenant_fkey"", ""definition"": ""FOREIGN KEY (activity_id, club_id) REFERENCES activities(id, club_id)"", ""references"": ""activities""}, {""constraint"": ""activity_terms_club_id_fkey"", ""definition"": ""FOREIGN KEY (club_id) REFERENCES clubs(id)"", ""references"": ""clubs""}, {""constraint"": ""activity_terms_created_by_fkey"", ""definition"": ""FOREIGN KEY (created_by) REFERENCES users(id)"", ""references"": ""users""}, {""constraint"": ""activity_terms_updated_by_fkey"", ""definition"": ""FOREIGN KEY (updated_by) REFERENCES users(id)"", ""references"": ""users""}]",0,"DELETE por club_id, hijos FK primero"
miclub,activity_terms_migration_diagnostic,TENANT_DATA,"[{""name"": ""activity_id"", ""type"": ""uuid"", ""default"": null, ""nullable"": ""NO""}, {""name"": ""club_id"", ""type"": ""uuid"", ""default"": null, ""nullable"": ""NO""}, {""name"": ""legacy_settlement_mode"", ""type"": ""text"", ""default"": null, ""nullable"": ""YES""}, {""name"": ""legacy_fixed_amount"", ""type"": ""numeric"", ""default"": null, ""nullable"": ""YES""}, {""name"": ""legacy_club_percentage"", ""type"": ""numeric"", ""default"": null, ""nullable"": ""YES""}, {""name"": ""proposed_mode"", ""type"": ""text"", ""default"": null, ""nullable"": ""YES""}, {""name"": ""diagnosis"", ""type"": ""text"", ""default"": null, ""nullable"": ""NO""}, {""name"": ""diagnosed_at"", ""type"": ""timestamp with time zone"", ""default"": ""now()"", ""nullable"": ""NO""}]","[{""constraint"": ""activity_terms_migration_diagnostic_activity_id_fkey"", ""definition"": ""FOREIGN KEY (activity_id) REFERENCES activities(id)"", ""references"": ""activities""}]",37,"DELETE por club_id, hijos FK primero"
miclub,app_sessions,MIXED,"[{""name"": ""id"", ""type"": ""uuid"", ""default"": ""gen_random_uuid()"", ""nullable"": ""NO""}, {""name"": ""user_id"", ""type"": ""uuid"", ""default"": null, ""nullable"": ""NO""}, {""name"": ""membership_id"", ""type"": ""uuid"", ""default"": null, ""nullable"": ""YES""}, {""name"": ""expires_at"", ""type"": ""timestamp with time zone"", ""default"": null, ""nullable"": ""NO""}, {""name"": ""revoked_at"", ""type"": ""timestamp with time zone"", ""default"": null, ""nullable"": ""YES""}, {""name"": ""created_at"", ""type"": ""timestamp with time zone"", ""default"": ""now()"", ""nullable"": ""NO""}, {""name"": ""last_seen_at"", ""type"": ""timestamp with time zone"", ""default"": ""now()"", ""nullable"": ""NO""}]","[{""constraint"": ""app_sessions_membership_id_fkey"", ""definition"": ""FOREIGN KEY (membership_id) REFERENCES user_club_memberships(id) ON DELETE CASCADE"", ""references"": ""user_club_memberships""}, {""constraint"": ""app_sessions_user_id_fkey"", ""definition"": ""FOREIGN KEY (user_id) REFERENCES users(id) ON DELETE CASCADE"", ""references"": ""users""}]",0,DELETE únicamente UUID diagnóstico/club verificado
miclub,approval_requests,TENANT_DATA,"[{""name"": ""id"", ""type"": ""uuid"", ""default"": ""gen_random_uuid()"", ""nullable"": ""NO""}, {""name"": ""club_id"", ""type"": ""uuid"", ""default"": null, ""nullable"": ""NO""}, {""name"": ""title"", ""type"": ""text"", ""default"": null, ""nullable"": ""NO""}, {""name"": ""description"", ""type"": ""text"", ""default"": null, ""nullable"": ""YES""}, {""name"": ""status"", ""type"": ""text"", ""default"": ""'pending'::text"", ""nullable"": ""NO""}, {""name"": ""requested_by_user_id"", ""type"": ""uuid"", ""default"": null, ""nullable"": ""YES""}, {""name"": ""requested_by_membership_id"", ""type"": ""uuid"", ""default"": null, ""nullable"": ""YES""}, {""name"": ""assigned_to_user_id"", ""type"": ""uuid"", ""default"": null, ""nullable"": ""YES""}, {""name"": ""assigned_to_membership_id"", ""type"": ""uuid"", ""default"": null, ""nullable"": ""YES""}, {""name"": ""decided_by_user_id"", ""type"": ""uuid"", ""default"": null, ""nullable"": ""YES""}, {""name"": ""decided_by_membership_id"", ""type"": ""uuid"", ""default"": null, ""nullable"": ""YES""}, {""name"": ""target_entity_type"", ""type"": ""text"", ""default"": null, ""nullable"": ""YES""}, {""name"": ""target_entity_id"", ""type"": ""uuid"", ""default"": null, ""nullable"": ""YES""}, {""name"": ""decision_reason"", ""type"": ""text"", ""default"": null, ""nullable"": ""YES""}, {""name"": ""decided_at"", ""type"": ""timestamp with time zone"", ""default"": null, ""nullable"": ""YES""}, {""name"": ""expires_at"", ""type"": ""timestamp with time zone"", ""default"": null, ""nullable"": ""YES""}, {""name"": ""metadata"", ""type"": ""jsonb"", ""default"": ""'{}'::jsonb"", ""nullable"": ""NO""}, {""name"": ""created_at"", ""type"": ""timestamp with time zone"", ""default"": ""now()"", ""nullable"": ""NO""}, {""name"": ""updated_at"", ""type"": ""timestamp with time zone"", ""default"": ""now()"", ""nullable"": ""NO""}, {""name"": ""archived_at"", ""type"": ""timestamp with time zone"", ""default"": null, ""nullable"": ""YES""}]","[{""constraint"": ""approval_requests_assigned_to_membership_id_fkey"", ""definition"": ""FOREIGN KEY (assigned_to_membership_id) REFERENCES user_club_memberships(id) ON DELETE SET NULL"", ""references"": ""user_club_memberships""}, {""constraint"": ""approval_requests_assigned_to_user_id_fkey"", ""definition"": ""FOREIGN KEY (assigned_to_user_id) REFERENCES users(id) ON DELETE SET NULL"", ""references"": ""users""}, {""constraint"": ""approval_requests_club_id_fkey"", ""definition"": ""FOREIGN KEY (club_id) REFERENCES clubs(id) ON DELETE CASCADE"", ""references"": ""clubs""}, {""constraint"": ""approval_requests_decided_by_membership_id_fkey"", ""definition"": ""FOREIGN KEY (decided_by_membership_id) REFERENCES user_club_memberships(id) ON DELETE SET NULL"", ""references"": ""user_club_memberships""}, {""constraint"": ""approval_requests_decided_by_user_id_fkey"", ""definition"": ""FOREIGN KEY (decided_by_user_id) REFERENCES users(id) ON DELETE SET NULL"", ""references"": ""users""}, {""constraint"": ""approval_requests_requested_by_membership_id_fkey"", ""definition"": ""FOREIGN KEY (requested_by_membership_id) REFERENCES user_club_memberships(id) ON DELETE SET NULL"", ""references"": ""user_club_memberships""}, {""constraint"": ""approval_requests_requested_by_user_id_fkey"", ""definition"": ""FOREIGN KEY (requested_by_user_id) REFERENCES users(id) ON DELETE SET NULL"", ""references"": ""users""}]",0,"DELETE por club_id, hijos FK primero"
miclub,audit_log,TENANT_DATA,"[{""name"": ""id"", ""type"": ""uuid"", ""default"": ""gen_random_uuid()"", ""nullable"": ""NO""}, {""name"": ""user_id"", ""type"": ""uuid"", ""default"": null, ""nullable"": ""YES""}, {""name"": ""action"", ""type"": ""text"", ""default"": null, ""nullable"": ""NO""}, {""name"": ""entity_type"", ""type"": ""text"", ""default"": null, ""nullable"": ""NO""}, {""name"": ""entity_id"", ""type"": ""uuid"", ""default"": null, ""nullable"": ""YES""}, {""name"": ""old_data"", ""type"": ""jsonb"", ""default"": null, ""nullable"": ""YES""}, {""name"": ""new_data"", ""type"": ""jsonb"", ""default"": null, ""nullable"": ""YES""}, {""name"": ""created_at"", ""type"": ""timestamp with time zone"", ""default"": ""now()"", ""nullable"": ""NO""}, {""name"": ""club_id"", ""type"": ""uuid"", ""default"": null, ""nullable"": ""YES""}, {""name"": ""membership_id"", ""type"": ""uuid"", ""default"": null, ""nullable"": ""YES""}, {""name"": ""ip"", ""type"": ""inet"", ""default"": null, ""nullable"": ""YES""}, {""name"": ""user_agent"", ""type"": ""text"", ""default"": null, ""nullable"": ""YES""}, {""name"": ""request_id"", ""type"": ""text"", ""default"": null, ""nullable"": ""YES""}, {""name"": ""result"", ""type"": ""text"", ""default"": ""'success'::text"", ""nullable"": ""NO""}, {""name"": ""metadata"", ""type"": ""jsonb"", ""default"": ""'{}'::jsonb"", ""nullable"": ""NO""}]","[{""constraint"": ""audit_log_club_id_fkey"", ""definition"": ""FOREIGN KEY (club_id) REFERENCES clubs(id) ON DELETE SET NULL"", ""references"": ""clubs""}, {""constraint"": ""audit_log_membership_id_fkey"", ""definition"": ""FOREIGN KEY (membership_id) REFERENCES user_club_memberships(id) ON DELETE SET NULL"", ""references"": ""user_club_memberships""}, {""constraint"": ""audit_log_user_id_fkey"", ""definition"": ""FOREIGN KEY (user_id) REFERENCES users(id)"", ""references"": ""users""}]",73,"DELETE por club_id, hijos FK primero"
miclub,category_catalog,GLOBAL_STRUCTURAL,"[{""name"": ""id"", ""type"": ""uuid"", ""default"": ""gen_random_uuid()"", ""nullable"": ""NO""}, {""name"": ""code"", ""type"": ""text"", ""default"": null, ""nullable"": ""NO""}, {""name"": ""display_name"", ""type"": ""text"", ""default"": null, ""nullable"": ""NO""}, {""name"": ""classification"", ""type"": ""text"", ""default"": null, ""nullable"": ""NO""}, {""name"": ""is_active"", ""type"": ""boolean"", ""default"": ""true"", ""nullable"": ""NO""}, {""name"": ""display_order"", ""type"": ""integer"", ""default"": null, ""nullable"": ""NO""}, {""name"": ""created_at"", ""type"": ""timestamp with time zone"", ""default"": ""now()"", ""nullable"": ""NO""}, {""name"": ""updated_at"", ""type"": ""timestamp with time zone"", ""default"": ""now()"", ""nullable"": ""NO""}]","[]",33,CONSERVAR y comparar huella
miclub,category_import_aliases,GLOBAL_STRUCTURAL,"[{""name"": ""normalized_alias"", ""type"": ""text"", ""default"": null, ""nullable"": ""NO""}, {""name"": ""catalog_id"", ""type"": ""uuid"", ""default"": null, ""nullable"": ""NO""}, {""name"": ""created_at"", ""type"": ""timestamp with time zone"", ""default"": ""now()"", ""nullable"": ""NO""}]","[{""constraint"": ""category_import_aliases_catalog_id_fkey"", ""definition"": ""FOREIGN KEY (catalog_id) REFERENCES category_catalog(id) ON DELETE RESTRICT"", ""references"": ""category_catalog""}]",15,CONSERVAR y comparar huella
miclub,club_capabilities,TENANT_DATA,"[{""name"": ""club_id"", ""type"": ""uuid"", ""default"": null, ""nullable"": ""NO""}, {""name"": ""capability"", ""type"": ""text"", ""default"": null, ""nullable"": ""NO""}, {""name"": ""source"", ""type"": ""text"", ""default"": null, ""nullable"": ""NO""}, {""name"": ""effective_from"", ""type"": ""timestamp with time zone"", ""default"": null, ""nullable"": ""NO""}, {""name"": ""effective_until"", ""type"": ""timestamp with time zone"", ""default"": null, ""nullable"": ""YES""}, {""name"": ""actor"", ""type"": ""text"", ""default"": null, ""nullable"": ""NO""}, {""name"": ""created_at"", ""type"": ""timestamp with time zone"", ""default"": ""now()"", ""nullable"": ""NO""}, {""name"": ""id"", ""type"": ""bigint"", ""default"": null, ""nullable"": ""NO""}, {""name"": ""enabled"", ""type"": ""boolean"", ""default"": ""true"", ""nullable"": ""NO""}, {""name"": ""legacy_permanent"", ""type"": ""boolean"", ""default"": ""false"", ""nullable"": ""NO""}, {""name"": ""reason"", ""type"": ""text"", ""default"": ""'legacy capability grant'::text"", ""nullable"": ""NO""}]","[{""constraint"": ""club_capabilities_club_id_fkey"", ""definition"": ""FOREIGN KEY (club_id) REFERENCES clubs(id) ON DELETE CASCADE"", ""references"": ""clubs""}]",0,"DELETE por club_id, hijos FK primero"
miclub,club_memberships,TENANT_DATA,"[{""name"": ""id"", ""type"": ""uuid"", ""default"": ""gen_random_uuid()"", ""nullable"": ""NO""}, {""name"": ""club_id"", ""type"": ""uuid"", ""default"": null, ""nullable"": ""NO""}, {""name"": ""person_id"", ""type"": ""uuid"", ""default"": null, ""nullable"": ""NO""}, {""name"": ""membership_number"", ""type"": ""text"", ""default"": null, ""nullable"": ""YES""}, {""name"": ""status"", ""type"": ""text"", ""default"": ""'active'::text"", ""nullable"": ""YES""}, {""name"": ""joined_at"", ""type"": ""timestamp with time zone"", ""default"": null, ""nullable"": ""YES""}, {""name"": ""ended_at"", ""type"": ""timestamp with time zone"", ""default"": null, ""nullable"": ""YES""}, {""name"": ""notes"", ""type"": ""text"", ""default"": null, ""nullable"": ""YES""}, {""name"": ""metadata"", ""type"": ""jsonb"", ""default"": ""'{}'::jsonb"", ""nullable"": ""YES""}, {""name"": ""created_at"", ""type"": ""timestamp with time zone"", ""default"": ""now()"", ""nullable"": ""YES""}, {""name"": ""updated_at"", ""type"": ""timestamp with time zone"", ""default"": ""now()"", ""nullable"": ""YES""}]","[{""constraint"": ""club_memberships_club_id_fkey"", ""definition"": ""FOREIGN KEY (club_id) REFERENCES clubs(id)"", ""references"": ""clubs""}, {""constraint"": ""club_memberships_person_id_fkey"", ""definition"": ""FOREIGN KEY (person_id) REFERENCES people(id) ON DELETE CASCADE"", ""references"": ""people""}]",289,"DELETE por club_id, hijos FK primero"
miclub,club_onboarding,TENANT_DATA,"[{""name"": ""club_id"", ""type"": ""uuid"", ""default"": null, ""nullable"": ""NO""}, {""name"": ""status"", ""type"": ""text"", ""default"": ""'NOT_STARTED'::text"", ""nullable"": ""NO""}, {""name"": ""current_step"", ""type"": ""smallint"", ""default"": ""1"", ""nullable"": ""NO""}, {""name"": ""started_at"", ""type"": ""timestamp with time zone"", ""default"": null, ""nullable"": ""YES""}, {""name"": ""completed_at"", ""type"": ""timestamp with time zone"", ""default"": null, ""nullable"": ""YES""}, {""name"": ""created_at"", ""type"": ""timestamp with time zone"", ""default"": ""now()"", ""nullable"": ""NO""}, {""name"": ""updated_at"", ""type"": ""timestamp with time zone"", ""default"": ""now()"", ""nullable"": ""NO""}, {""name"": ""completed_steps"", ""type"": ""ARRAY"", ""default"": ""'{}'::smallint[]"", ""nullable"": ""NO""}, {""name"": ""skipped_steps"", ""type"": ""ARRAY"", ""default"": ""'{}'::smallint[]"", ""nullable"": ""NO""}]","[{""constraint"": ""club_onboarding_club_id_fkey"", ""definition"": ""FOREIGN KEY (club_id) REFERENCES clubs(id) ON DELETE CASCADE"", ""references"": ""clubs""}]",0,"DELETE por club_id, hijos FK primero"
miclub,club_subscriptions,TENANT_DATA,"[{""name"": ""id"", ""type"": ""bigint"", ""default"": null, ""nullable"": ""NO""}, {""name"": ""club_id"", ""type"": ""uuid"", ""default"": null, ""nullable"": ""NO""}, {""name"": ""plan_code"", ""type"": ""text"", ""default"": null, ""nullable"": ""NO""}, {""name"": ""effective_from"", ""type"": ""timestamp with time zone"", ""default"": null, ""nullable"": ""NO""}, {""name"": ""effective_until"", ""type"": ""timestamp with time zone"", ""default"": null, ""nullable"": ""YES""}, {""name"": ""created_at"", ""type"": ""timestamp with time zone"", ""default"": ""now()"", ""nullable"": ""NO""}]","[{""constraint"": ""club_subscriptions_club_id_fkey"", ""definition"": ""FOREIGN KEY (club_id) REFERENCES clubs(id) ON DELETE CASCADE"", ""references"": ""clubs""}, {""constraint"": ""club_subscriptions_plan_code_fkey"", ""definition"": ""FOREIGN KEY (plan_code) REFERENCES plans(code)"", ""references"": ""plans""}]",0,"DELETE por club_id, hijos FK primero"
miclub,clubs,MIXED,"[{""name"": ""id"", ""type"": ""uuid"", ""default"": ""gen_random_uuid()"", ""nullable"": ""NO""}, {""name"": ""code"", ""type"": ""text"", ""default"": null, ""nullable"": ""YES""}, {""name"": ""name"", ""type"": ""text"", ""default"": null, ""nullable"": ""YES""}, {""name"": ""legal_name"", ""type"": ""text"", ""default"": null, ""nullable"": ""YES""}, {""name"": ""tax_id"", ""type"": ""text"", ""default"": null, ""nullable"": ""YES""}, {""name"": ""email"", ""type"": ""text"", ""default"": null, ""nullable"": ""YES""}, {""name"": ""phone"", ""type"": ""text"", ""default"": null, ""nullable"": ""YES""}, {""name"": ""address"", ""type"": ""text"", ""default"": null, ""nullable"": ""YES""}, {""name"": ""timezone"", ""type"": ""text"", ""default"": null, ""nullable"": ""YES""}, {""name"": ""settings"", ""type"": ""jsonb"", ""default"": ""'{}'::jsonb"", ""nullable"": ""YES""}, {""name"": ""is_active"", ""type"": ""boolean"", ""default"": ""true"", ""nullable"": ""YES""}, {""name"": ""created_at"", ""type"": ""timestamp with time zone"", ""default"": ""now()"", ""nullable"": ""YES""}, {""name"": ""updated_at"", ""type"": ""timestamp with time zone"", ""default"": ""now()"", ""nullable"": ""YES""}, {""name"": ""base_currency_code"", ""type"": ""text"", ""default"": ""'ARS'::text"", ""nullable"": ""NO""}]","[{""constraint"": ""clubs_base_currency_code_fkey"", ""definition"": ""FOREIGN KEY (base_currency_code) REFERENCES currencies(code)"", ""references"": ""currencies""}]",1,DELETE únicamente UUID diagnóstico/club verificado
miclub,crm_message_history,TENANT_DATA,"[{""name"": ""id"", ""type"": ""uuid"", ""default"": ""gen_random_uuid()"", ""nullable"": ""NO""}, {""name"": ""person_id"", ""type"": ""uuid"", ""default"": null, ""nullable"": ""YES""}, {""name"": ""enrollment_id"", ""type"": ""uuid"", ""default"": null, ""nullable"": ""YES""}, {""name"": ""template_id"", ""type"": ""text"", ""default"": null, ""nullable"": ""YES""}, {""name"": ""phone"", ""type"": ""text"", ""default"": null, ""nullable"": ""NO""}, {""name"": ""message"", ""type"": ""text"", ""default"": null, ""nullable"": ""NO""}, {""name"": ""wa_link"", ""type"": ""text"", ""default"": null, ""nullable"": ""NO""}, {""name"": ""status"", ""type"": ""USER-DEFINED"", ""default"": ""'prepared'::message_status"", ""nullable"": ""NO""}, {""name"": ""opened_at"", ""type"": ""timestamp with time zone"", ""default"": null, ""nullable"": ""YES""}, {""name"": ""sent_at"", ""type"": ""timestamp with time zone"", ""default"": null, ""nullable"": ""YES""}, {""name"": ""note"", ""type"": ""text"", ""default"": null, ""nullable"": ""YES""}, {""name"": ""created_by"", ""type"": ""uuid"", ""default"": null, ""nullable"": ""YES""}, {""name"": ""created_at"", ""type"": ""timestamp with time zone"", ""default"": ""now()"", ""nullable"": ""NO""}, {""name"": ""club_id"", ""type"": ""uuid"", ""default"": null, ""nullable"": ""NO""}, {""name"": ""legacy_sqlite_id"", ""type"": ""integer"", ""default"": ""nextval('crm_message_history_legacy_id_seq'::regclass)"", ""nullable"": ""NO""}, {""name"": ""member_id"", ""type"": ""text"", ""default"": null, ""nullable"": ""NO""}, {""name"": ""nombre"", ""type"": ""text"", ""default"": null, ""nullable"": ""YES""}, {""name"": ""template_name"", ""type"": ""text"", ""default"": null, ""nullable"": ""YES""}]","[{""constraint"": ""crm_message_history_club_fkey"", ""definition"": ""FOREIGN KEY (club_id) REFERENCES clubs(id) ON DELETE CASCADE"", ""references"": ""clubs""}, {""constraint"": ""crm_message_history_created_by_fkey"", ""definition"": ""FOREIGN KEY (created_by) REFERENCES users(id)"", ""references"": ""users""}, {""constraint"": ""crm_message_history_enrollment_id_fkey"", ""definition"": ""FOREIGN KEY (enrollment_id) REFERENCES enrollments(id)"", ""references"": ""enrollments""}, {""constraint"": ""crm_message_history_person_id_fkey"", ""definition"": ""FOREIGN KEY (person_id) REFERENCES people(id)"", ""references"": ""people""}, {""constraint"": ""crm_message_history_template_club_fkey"", ""definition"": ""FOREIGN KEY (club_id, template_id) REFERENCES crm_message_templates(club_id, id)"", ""references"": ""crm_message_templates""}]",17,"DELETE por club_id, hijos FK primero"
miclub,crm_message_templates,TENANT_DATA,"[{""name"": ""id"", ""type"": ""text"", ""default"": null, ""nullable"": ""NO""}, {""name"": ""name"", ""type"": ""text"", ""default"": null, ""nullable"": ""NO""}, {""name"": ""body"", ""type"": ""text"", ""default"": null, ""nullable"": ""NO""}, {""name"": ""is_default"", ""type"": ""boolean"", ""default"": ""false"", ""nullable"": ""NO""}, {""name"": ""created_by"", ""type"": ""uuid"", ""default"": null, ""nullable"": ""YES""}, {""name"": ""created_at"", ""type"": ""timestamp with time zone"", ""default"": ""now()"", ""nullable"": ""NO""}, {""name"": ""updated_at"", ""type"": ""timestamp with time zone"", ""default"": ""now()"", ""nullable"": ""NO""}, {""name"": ""club_id"", ""type"": ""uuid"", ""default"": null, ""nullable"": ""NO""}, {""name"": ""legacy_sqlite_id"", ""type"": ""text"", ""default"": null, ""nullable"": ""YES""}, {""name"": ""archived_at"", ""type"": ""timestamp with time zone"", ""default"": null, ""nullable"": ""YES""}, {""name"": ""archived_by"", ""type"": ""uuid"", ""default"": null, ""nullable"": ""YES""}]","[{""constraint"": ""crm_message_templates_archived_by_fkey"", ""definition"": ""FOREIGN KEY (archived_by) REFERENCES users(id) ON DELETE SET NULL"", ""references"": ""users""}, {""constraint"": ""crm_message_templates_club_fkey"", ""definition"": ""FOREIGN KEY (club_id) REFERENCES clubs(id) ON DELETE CASCADE"", ""references"": ""clubs""}, {""constraint"": ""crm_message_templates_created_by_fkey"", ""definition"": ""FOREIGN KEY (created_by) REFERENCES users(id)"", ""references"": ""users""}]",1,"DELETE por club_id, hijos FK primero"
miclub,currencies,GLOBAL_STRUCTURAL,"[{""name"": ""code"", ""type"": ""text"", ""default"": null, ""nullable"": ""NO""}, {""name"": ""name"", ""type"": ""text"", ""default"": null, ""nullable"": ""NO""}, {""name"": ""symbol"", ""type"": ""text"", ""default"": null, ""nullable"": ""NO""}]","[]",4,CONSERVAR y comparar huella
miclub,discount_rates,TENANT_DATA,"[{""name"": ""id"", ""type"": ""uuid"", ""default"": ""gen_random_uuid()"", ""nullable"": ""NO""}, {""name"": ""percent"", ""type"": ""numeric"", ""default"": null, ""nullable"": ""NO""}, {""name"": ""label"", ""type"": ""text"", ""default"": null, ""nullable"": ""YES""}, {""name"": ""is_active"", ""type"": ""boolean"", ""default"": ""true"", ""nullable"": ""NO""}, {""name"": ""created_at"", ""type"": ""timestamp with time zone"", ""default"": ""now()"", ""nullable"": ""NO""}, {""name"": ""club_id"", ""type"": ""uuid"", ""default"": null, ""nullable"": ""NO""}]","[{""constraint"": ""discount_rates_club_id_fkey"", ""definition"": ""FOREIGN KEY (club_id) REFERENCES clubs(id)"", ""references"": ""clubs""}]",15,"DELETE por club_id, hijos FK primero"
miclub,employees,TENANT_DATA,"[{""name"": ""id"", ""type"": ""uuid"", ""default"": ""gen_random_uuid()"", ""nullable"": ""NO""}, {""name"": ""club_id"", ""type"": ""uuid"", ""default"": null, ""nullable"": ""NO""}, {""name"": ""person_id"", ""type"": ""uuid"", ""default"": null, ""nullable"": ""NO""}, {""name"": ""user_id"", ""type"": ""uuid"", ""default"": null, ""nullable"": ""YES""}, {""name"": ""membership_id"", ""type"": ""uuid"", ""default"": null, ""nullable"": ""YES""}, {""name"": ""sector_id"", ""type"": ""uuid"", ""default"": null, ""nullable"": ""YES""}, {""name"": ""status"", ""type"": ""text"", ""default"": ""'active'::text"", ""nullable"": ""NO""}, {""name"": ""salary"", ""type"": ""numeric"", ""default"": null, ""nullable"": ""YES""}, {""name"": ""employment_start_date"", ""type"": ""date"", ""default"": null, ""nullable"": ""YES""}, {""name"": ""employment_end_date"", ""type"": ""date"", ""default"": null, ""nullable"": ""YES""}, {""name"": ""position"", ""type"": ""text"", ""default"": null, ""nullable"": ""YES""}, {""name"": ""notes"", ""type"": ""text"", ""default"": null, ""nullable"": ""YES""}, {""name"": ""created_at"", ""type"": ""timestamp with time zone"", ""default"": ""now()"", ""nullable"": ""NO""}, {""name"": ""updated_at"", ""type"": ""timestamp with time zone"", ""default"": ""now()"", ""nullable"": ""NO""}, {""name"": ""archived_at"", ""type"": ""timestamp with time zone"", ""default"": null, ""nullable"": ""YES""}, {""name"": ""created_by"", ""type"": ""uuid"", ""default"": null, ""nullable"": ""YES""}, {""name"": ""updated_by"", ""type"": ""uuid"", ""default"": null, ""nullable"": ""YES""}, {""name"": ""payment_mode"", ""type"": ""text"", ""default"": null, ""nullable"": ""NO""}, {""name"": ""monthly_fixed_amount"", ""type"": ""numeric"", ""default"": null, ""nullable"": ""YES""}]","[{""constraint"": ""employees_club_id_fkey"", ""definition"": ""FOREIGN KEY (club_id) REFERENCES clubs(id) ON DELETE CASCADE"", ""references"": ""clubs""}, {""constraint"": ""employees_created_by_fkey"", ""definition"": ""FOREIGN KEY (created_by) REFERENCES users(id) ON DELETE SET NULL"", ""references"": ""users""}, {""constraint"": ""employees_membership_id_fkey"", ""definition"": ""FOREIGN KEY (membership_id) REFERENCES user_club_memberships(id) ON DELETE SET NULL"", ""references"": ""user_club_memberships""}, {""constraint"": ""employees_person_id_fkey"", ""definition"": ""FOREIGN KEY (person_id) REFERENCES people(id) ON DELETE RESTRICT"", ""references"": ""people""}, {""constraint"": ""employees_sector_id_fkey"", ""definition"": ""FOREIGN KEY (sector_id) REFERENCES sectors(id) ON DELETE SET NULL"", ""references"": ""sectors""}, {""constraint"": ""employees_updated_by_fkey"", ""definition"": ""FOREIGN KEY (updated_by) REFERENCES users(id) ON DELETE SET NULL"", ""references"": ""users""}, {""constraint"": ""employees_user_id_fkey"", ""definition"": ""FOREIGN KEY (user_id) REFERENCES users(id) ON DELETE SET NULL"", ""references"": ""users""}]",0,"DELETE por club_id, hijos FK primero"
miclub,enrollment_fee_audit,TENANT_DATA,"[{""name"": ""id"", ""type"": ""uuid"", ""default"": ""gen_random_uuid()"", ""nullable"": ""NO""}, {""name"": ""import_batch_id"", ""type"": ""uuid"", ""default"": null, ""nullable"": ""YES""}, {""name"": ""enrollment_id"", ""type"": ""uuid"", ""default"": null, ""nullable"": ""YES""}, {""name"": ""source_sheet"", ""type"": ""text"", ""default"": null, ""nullable"": ""NO""}, {""name"": ""source_row_number"", ""type"": ""integer"", ""default"": null, ""nullable"": ""NO""}, {""name"": ""raw_fee_text"", ""type"": ""text"", ""default"": null, ""nullable"": ""YES""}, {""name"": ""parsed_fee_amount"", ""type"": ""numeric"", ""default"": null, ""nullable"": ""YES""}, {""name"": ""normalized_fee_amount"", ""type"": ""numeric"", ""default"": ""0"", ""nullable"": ""NO""}, {""name"": ""normalization_factor"", ""type"": ""numeric"", ""default"": null, ""nullable"": ""YES""}, {""name"": ""normalization_reason"", ""type"": ""text"", ""default"": null, ""nullable"": ""NO""}, {""name"": ""commission_rate"", ""type"": ""numeric"", ""default"": ""0"", ""nullable"": ""NO""}, {""name"": ""receivable_fee"", ""type"": ""numeric"", ""default"": ""0"", ""nullable"": ""NO""}, {""name"": ""created_at"", ""type"": ""timestamp with time zone"", ""default"": ""now()"", ""nullable"": ""NO""}, {""name"": ""club_id"", ""type"": ""uuid"", ""default"": null, ""nullable"": ""NO""}]","[{""constraint"": ""enrollment_fee_audit_club_id_fkey"", ""definition"": ""FOREIGN KEY (club_id) REFERENCES clubs(id)"", ""references"": ""clubs""}, {""constraint"": ""enrollment_fee_audit_enrollment_id_fkey"", ""definition"": ""FOREIGN KEY (enrollment_id) REFERENCES enrollments(id) ON DELETE CASCADE"", ""references"": ""enrollments""}, {""constraint"": ""enrollment_fee_audit_import_batch_id_fkey"", ""definition"": ""FOREIGN KEY (import_batch_id) REFERENCES import_batches(id) ON DELETE SET NULL"", ""references"": ""import_batches""}]",23166,"DELETE por club_id, hijos FK primero"
miclub,enrollments,TENANT_DATA,"[{""name"": ""id"", ""type"": ""uuid"", ""default"": ""gen_random_uuid()"", ""nullable"": ""NO""}, {""name"": ""external_id"", ""type"": ""text"", ""default"": null, ""nullable"": ""YES""}, {""name"": ""person_id"", ""type"": ""uuid"", ""default"": null, ""nullable"": ""NO""}, {""name"": ""activity_id"", ""type"": ""uuid"", ""default"": null, ""nullable"": ""NO""}, {""name"": ""start_date"", ""type"": ""date"", ""default"": ""CURRENT_DATE"", ""nullable"": ""NO""}, {""name"": ""end_date"", ""type"": ""date"", ""default"": null, ""nullable"": ""YES""}, {""name"": ""fee_amount"", ""type"": ""numeric"", ""default"": ""0"", ""nullable"": ""NO""}, {""name"": ""status"", ""type"": ""USER-DEFINED"", ""default"": ""'nuevo_inscripto'::enrollment_status"", ""nullable"": ""NO""}, {""name"": ""last_payment_at"", ""type"": ""timestamp with time zone"", ""default"": null, ""nullable"": ""YES""}, {""name"": ""due_date"", ""type"": ""date"", ""default"": null, ""nullable"": ""YES""}, {""name"": ""source"", ""type"": ""text"", ""default"": ""'app'::text"", ""nullable"": ""NO""}, {""name"": ""notes"", ""type"": ""text"", ""default"": null, ""nullable"": ""YES""}, {""name"": ""created_at"", ""type"": ""timestamp with time zone"", ""default"": ""now()"", ""nullable"": ""NO""}, {""name"": ""updated_at"", ""type"": ""timestamp with time zone"", ""default"": ""now()"", ""nullable"": ""NO""}, {""name"": ""inactive"", ""type"": ""boolean"", ""default"": ""false"", ""nullable"": ""NO""}, {""name"": ""inactive_reason"", ""type"": ""text"", ""default"": null, ""nullable"": ""YES""}, {""name"": ""inactive_at"", ""type"": ""timestamp with time zone"", ""default"": null, ""nullable"": ""YES""}, {""name"": ""superseded_at"", ""type"": ""timestamp with time zone"", ""default"": null, ""nullable"": ""YES""}, {""name"": ""superseded_reason"", ""type"": ""text"", ""default"": null, ""nullable"": ""YES""}, {""name"": ""raw_fee_amount_text"", ""type"": ""text"", ""default"": null, ""nullable"": ""YES""}, {""name"": ""raw_fee_amount"", ""type"": ""numeric"", ""default"": null, ""nullable"": ""YES""}, {""name"": ""normalized_fee_amount"", ""type"": ""numeric"", ""default"": null, ""nullable"": ""YES""}, {""name"": ""fee_normalization_reason"", ""type"": ""text"", ""default"": null, ""nullable"": ""YES""}, {""name"": ""fee_normalized_at"", ""type"": ""timestamp with time zone"", ""default"": null, ""nullable"": ""YES""}, {""name"": ""enrollment_date"", ""type"": ""date"", ""default"": null, ""nullable"": ""YES""}, {""name"": ""missing_from_import_batch_id"", ""type"": ""uuid"", ""default"": null, ""nullable"": ""YES""}, {""name"": ""club_id"", ""type"": ""uuid"", ""default"": null, ""nullable"": ""NO""}, {""name"": ""sequence_number"", ""type"": ""bigint"", ""default"": null, ""nullable"": ""NO""}, {""name"": ""modality"", ""type"": ""text"", ""default"": null, ""nullable"": ""YES""}, {""name"": ""status_override"", ""type"": ""boolean"", ""default"": ""false"", ""nullable"": ""NO""}]","[{""constraint"": ""enrollments_activity_id_fkey"", ""definition"": ""FOREIGN KEY (activity_id) REFERENCES activities(id)"", ""references"": ""activities""}, {""constraint"": ""enrollments_club_id_fkey"", ""definition"": ""FOREIGN KEY (club_id) REFERENCES clubs(id)"", ""references"": ""clubs""}, {""constraint"": ""enrollments_missing_from_import_batch_id_fkey"", ""definition"": ""FOREIGN KEY (missing_from_import_batch_id) REFERENCES import_batches(id) ON DELETE SET NULL"", ""references"": ""import_batches""}, {""constraint"": ""enrollments_person_id_fkey"", ""definition"": ""FOREIGN KEY (person_id) REFERENCES people(id)"", ""references"": ""people""}]",287,"DELETE por club_id, hijos FK primero"
miclub,features,GLOBAL_STRUCTURAL,"[{""name"": ""code"", ""type"": ""text"", ""default"": null, ""nullable"": ""NO""}, {""name"": ""name"", ""type"": ""text"", ""default"": null, ""nullable"": ""NO""}, {""name"": ""description"", ""type"": ""text"", ""default"": ""''::text"", ""nullable"": ""NO""}, {""name"": ""created_at"", ""type"": ""timestamp with time zone"", ""default"": ""now()"", ""nullable"": ""NO""}]","[]",1,CONSERVAR y comparar huella
miclub,financial_accounts,TENANT_DATA,"[{""name"": ""id"", ""type"": ""uuid"", ""default"": ""gen_random_uuid()"", ""nullable"": ""NO""}, {""name"": ""club_id"", ""type"": ""uuid"", ""default"": null, ""nullable"": ""NO""}, {""name"": ""code"", ""type"": ""text"", ""default"": null, ""nullable"": ""NO""}, {""name"": ""name"", ""type"": ""text"", ""default"": null, ""nullable"": ""NO""}, {""name"": ""currency_code"", ""type"": ""text"", ""default"": null, ""nullable"": ""NO""}, {""name"": ""status"", ""type"": ""text"", ""default"": ""'ACTIVE'::text"", ""nullable"": ""NO""}, {""name"": ""created_at"", ""type"": ""timestamp with time zone"", ""default"": ""now()"", ""nullable"": ""NO""}, {""name"": ""updated_at"", ""type"": ""timestamp with time zone"", ""default"": ""now()"", ""nullable"": ""NO""}]","[{""constraint"": ""financial_accounts_club_id_fkey"", ""definition"": ""FOREIGN KEY (club_id) REFERENCES clubs(id)"", ""references"": ""clubs""}, {""constraint"": ""financial_accounts_currency_code_fkey"", ""definition"": ""FOREIGN KEY (currency_code) REFERENCES currencies(code)"", ""references"": ""currencies""}]",3,"DELETE por club_id, hijos FK primero"
miclub,import_amount_normalization_rules,GLOBAL_STRUCTURAL,"[{""name"": ""context"", ""type"": ""text"", ""default"": null, ""nullable"": ""NO""}, {""name"": ""min_valid_amount"", ""type"": ""numeric"", ""default"": null, ""nullable"": ""NO""}, {""name"": ""max_valid_amount"", ""type"": ""numeric"", ""default"": null, ""nullable"": ""NO""}, {""name"": ""scale_factor"", ""type"": ""numeric"", ""default"": null, ""nullable"": ""NO""}, {""name"": ""enabled"", ""type"": ""boolean"", ""default"": ""true"", ""nullable"": ""NO""}, {""name"": ""created_at"", ""type"": ""timestamp with time zone"", ""default"": ""now()"", ""nullable"": ""NO""}, {""name"": ""updated_at"", ""type"": ""timestamp with time zone"", ""default"": ""now()"", ""nullable"": ""NO""}]","[]",1,CONSERVAR y comparar huella
miclub,import_batches,TENANT_DATA,"[{""name"": ""id"", ""type"": ""uuid"", ""default"": ""gen_random_uuid()"", ""nullable"": ""NO""}, {""name"": ""source"", ""type"": ""text"", ""default"": null, ""nullable"": ""NO""}, {""name"": ""source_file"", ""type"": ""text"", ""default"": null, ""nullable"": ""YES""}, {""name"": ""status"", ""type"": ""text"", ""default"": ""'pending'::text"", ""nullable"": ""NO""}, {""name"": ""started_at"", ""type"": ""timestamp with time zone"", ""default"": ""now()"", ""nullable"": ""NO""}, {""name"": ""finished_at"", ""type"": ""timestamp with time zone"", ""default"": null, ""nullable"": ""YES""}, {""name"": ""notes"", ""type"": ""text"", ""default"": null, ""nullable"": ""YES""}, {""name"": ""club_id"", ""type"": ""uuid"", ""default"": null, ""nullable"": ""NO""}, {""name"": ""file_sha256"", ""type"": ""text"", ""default"": null, ""nullable"": ""YES""}, {""name"": ""template_version"", ""type"": ""text"", ""default"": null, ""nullable"": ""YES""}, {""name"": ""uploaded_by"", ""type"": ""uuid"", ""default"": null, ""nullable"": ""YES""}, {""name"": ""dry_run_of_batch_id"", ""type"": ""uuid"", ""default"": null, ""nullable"": ""YES""}, {""name"": ""row_count"", ""type"": ""integer"", ""default"": ""0"", ""nullable"": ""NO""}, {""name"": ""error_count"", ""type"": ""integer"", ""default"": ""0"", ""nullable"": ""NO""}, {""name"": ""warning_count"", ""type"": ""integer"", ""default"": ""0"", ""nullable"": ""NO""}, {""name"": ""projected_writes"", ""type"": ""integer"", ""default"": ""0"", ""nullable"": ""NO""}, {""name"": ""persisted_writes"", ""type"": ""integer"", ""default"": ""0"", ""nullable"": ""NO""}, {""name"": ""idempotency_key"", ""type"": ""text"", ""default"": null, ""nullable"": ""YES""}, {""name"": ""reference_config_hash"", ""type"": ""text"", ""default"": null, ""nullable"": ""YES""}, {""name"": ""metadata"", ""type"": ""jsonb"", ""default"": ""'{}'::jsonb"", ""nullable"": ""NO""}, {""name"": ""batch_identity"", ""type"": ""text"", ""default"": null, ""nullable"": ""YES""}, {""name"": ""operation_type"", ""type"": ""text"", ""default"": null, ""nullable"": ""YES""}]","[{""constraint"": ""import_batches_club_id_fkey"", ""definition"": ""FOREIGN KEY (club_id) REFERENCES clubs(id)"", ""references"": ""clubs""}, {""constraint"": ""import_batches_dry_run_of_batch_id_fkey"", ""definition"": ""FOREIGN KEY (dry_run_of_batch_id) REFERENCES import_batches(id)"", ""references"": ""import_batches""}, {""constraint"": ""import_batches_uploaded_by_fkey"", ""definition"": ""FOREIGN KEY (uploaded_by) REFERENCES users(id) ON DELETE SET NULL"", ""references"": ""users""}]",298,"DELETE por club_id, hijos FK primero"
miclub,import_errors,TENANT_DATA,"[{""name"": ""id"", ""type"": ""uuid"", ""default"": ""gen_random_uuid()"", ""nullable"": ""NO""}, {""name"": ""batch_id"", ""type"": ""uuid"", ""default"": null, ""nullable"": ""YES""}, {""name"": ""source_table"", ""type"": ""text"", ""default"": null, ""nullable"": ""YES""}, {""name"": ""source_row"", ""type"": ""text"", ""default"": null, ""nullable"": ""YES""}, {""name"": ""error_message"", ""type"": ""text"", ""default"": null, ""nullable"": ""NO""}, {""name"": ""raw_payload"", ""type"": ""jsonb"", ""default"": null, ""nullable"": ""YES""}, {""name"": ""created_at"", ""type"": ""timestamp with time zone"", ""default"": ""now()"", ""nullable"": ""NO""}, {""name"": ""club_id"", ""type"": ""uuid"", ""default"": null, ""nullable"": ""NO""}, {""name"": ""error_code"", ""type"": ""text"", ""default"": null, ""nullable"": ""YES""}, {""name"": ""sheet"", ""type"": ""text"", ""default"": null, ""nullable"": ""YES""}, {""name"": ""entity_type"", ""type"": ""text"", ""default"": null, ""nullable"": ""YES""}, {""name"": ""field"", ""type"": ""text"", ""default"": null, ""nullable"": ""YES""}, {""name"": ""value_normalized"", ""type"": ""text"", ""default"": null, ""nullable"": ""YES""}]","[{""constraint"": ""import_errors_batch_club_fkey"", ""definition"": ""FOREIGN KEY (batch_id, club_id) REFERENCES import_batches(id, club_id) ON DELETE CASCADE"", ""references"": ""import_batches""}, {""constraint"": ""import_errors_club_id_fkey"", ""definition"": ""FOREIGN KEY (club_id) REFERENCES clubs(id)"", ""references"": ""clubs""}]",11662,"DELETE por club_id, hijos FK primero"
miclub,instructors,TENANT_DATA,"[{""name"": ""id"", ""type"": ""uuid"", ""default"": ""gen_random_uuid()"", ""nullable"": ""NO""}, {""name"": ""person_id"", ""type"": ""uuid"", ""default"": null, ""nullable"": ""NO""}, {""name"": ""display_name"", ""type"": ""text"", ""default"": null, ""nullable"": ""NO""}, {""name"": ""status"", ""type"": ""USER-DEFINED"", ""default"": ""'activa'::entity_status"", ""nullable"": ""NO""}, {""name"": ""notes"", ""type"": ""text"", ""default"": null, ""nullable"": ""YES""}, {""name"": ""created_at"", ""type"": ""timestamp with time zone"", ""default"": ""now()"", ""nullable"": ""NO""}, {""name"": ""updated_at"", ""type"": ""timestamp with time zone"", ""default"": ""now()"", ""nullable"": ""NO""}, {""name"": ""club_id"", ""type"": ""uuid"", ""default"": null, ""nullable"": ""NO""}]","[{""constraint"": ""instructors_club_id_fkey"", ""definition"": ""FOREIGN KEY (club_id) REFERENCES clubs(id)"", ""references"": ""clubs""}, {""constraint"": ""instructors_person_id_fkey"", ""definition"": ""FOREIGN KEY (person_id) REFERENCES people(id) ON DELETE CASCADE"", ""references"": ""people""}]",30,"DELETE por club_id, hijos FK primero"
miclub,movement_categories,TENANT_DATA,"[{""name"": ""id"", ""type"": ""uuid"", ""default"": ""gen_random_uuid()"", ""nullable"": ""NO""}, {""name"": ""name"", ""type"": ""text"", ""default"": null, ""nullable"": ""NO""}, {""name"": ""is_active"", ""type"": ""boolean"", ""default"": ""true"", ""nullable"": ""NO""}, {""name"": ""created_at"", ""type"": ""timestamp with time zone"", ""default"": ""now()"", ""nullable"": ""NO""}, {""name"": ""club_id"", ""type"": ""uuid"", ""default"": null, ""nullable"": ""NO""}, {""name"": ""catalog_id"", ""type"": ""uuid"", ""default"": null, ""nullable"": ""YES""}]","[{""constraint"": ""movement_categories_catalog_id_fkey"", ""definition"": ""FOREIGN KEY (catalog_id) REFERENCES category_catalog(id)"", ""references"": ""category_catalog""}, {""constraint"": ""movement_categories_club_id_fkey"", ""definition"": ""FOREIGN KEY (club_id) REFERENCES clubs(id)"", ""references"": ""clubs""}]",40,"DELETE por club_id, hijos FK primero"
miclub,movements,TENANT_DATA,"[{""name"": ""id"", ""type"": ""uuid"", ""default"": ""gen_random_uuid()"", ""nullable"": ""NO""}, {""name"": ""external_id"", ""type"": ""text"", ""default"": null, ""nullable"": ""YES""}, {""name"": ""movement_date"", ""type"": ""timestamp with time zone"", ""default"": ""now()"", ""nullable"": ""NO""}, {""name"": ""movement_type"", ""type"": ""USER-DEFINED"", ""default"": null, ""nullable"": ""NO""}, {""name"": ""category_id"", ""type"": ""uuid"", ""default"": null, ""nullable"": ""YES""}, {""name"": ""sector_id"", ""type"": ""uuid"", ""default"": null, ""nullable"": ""YES""}, {""name"": ""concept"", ""type"": ""text"", ""default"": null, ""nullable"": ""NO""}, {""name"": ""counterparty_person_id"", ""type"": ""uuid"", ""default"": null, ""nullable"": ""YES""}, {""name"": ""counterparty_text"", ""type"": ""text"", ""default"": null, ""nullable"": ""YES""}, {""name"": ""amount"", ""type"": ""numeric"", ""default"": null, ""nullable"": ""NO""}, {""name"": ""taxes"", ""type"": ""numeric"", ""default"": ""0"", ""nullable"": ""NO""}, {""name"": ""currency_code"", ""type"": ""text"", ""default"": ""'ARS'::text"", ""nullable"": ""NO""}, {""name"": ""payment_method_id"", ""type"": ""uuid"", ""default"": null, ""nullable"": ""YES""}, {""name"": ""financial_status"", ""type"": ""USER-DEFINED"", ""default"": null, ""nullable"": ""YES""}, {""name"": ""operational_status"", ""type"": ""USER-DEFINED"", ""default"": ""'COMPLETADO'::movement_status"", ""nullable"": ""NO""}, {""name"": ""source"", ""type"": ""text"", ""default"": ""'app'::text"", ""nullable"": ""NO""}, {""name"": ""source_payload"", ""type"": ""jsonb"", ""default"": null, ""nullable"": ""YES""}, {""name"": ""created_by"", ""type"": ""uuid"", ""default"": null, ""nullable"": ""YES""}, {""name"": ""created_at"", ""type"": ""timestamp with time zone"", ""default"": ""now()"", ""nullable"": ""NO""}, {""name"": ""updated_at"", ""type"": ""timestamp with time zone"", ""default"": ""now()"", ""nullable"": ""NO""}, {""name"": ""person_id"", ""type"": ""uuid"", ""default"": null, ""nullable"": ""YES""}, {""name"": ""club_id"", ""type"": ""uuid"", ""default"": null, ""nullable"": ""NO""}, {""name"": ""activity_id"", ""type"": ""uuid"", ""default"": null, ""nullable"": ""YES""}, {""name"": ""reconciled_at"", ""type"": ""timestamp with time zone"", ""default"": null, ""nullable"": ""YES""}, {""name"": ""voided_at"", ""type"": ""timestamp with time zone"", ""default"": null, ""nullable"": ""YES""}, {""name"": ""voided_by"", ""type"": ""uuid"", ""default"": null, ""nullable"": ""YES""}, {""name"": ""void_reason"", ""type"": ""text"", ""default"": null, ""nullable"": ""YES""}, {""name"": ""idempotency_key"", ""type"": ""text"", ""default"": null, ""nullable"": ""YES""}, {""name"": ""account_id"", ""type"": ""uuid"", ""default"": null, ""nullable"": ""YES""}, {""name"": ""sequence_number"", ""type"": ""bigint"", ""default"": null, ""nullable"": ""NO""}]","[{""constraint"": ""movements_account_id_fkey"", ""definition"": ""FOREIGN KEY (account_id) REFERENCES financial_accounts(id)"", ""references"": ""financial_accounts""}, {""constraint"": ""movements_activity_id_fkey"", ""definition"": ""FOREIGN KEY (activity_id) REFERENCES activities(id)"", ""references"": ""activities""}, {""constraint"": ""movements_category_id_fkey"", ""definition"": ""FOREIGN KEY (category_id) REFERENCES movement_categories(id)"", ""references"": ""movement_categories""}, {""constraint"": ""movements_club_id_fkey"", ""definition"": ""FOREIGN KEY (club_id) REFERENCES clubs(id)"", ""references"": ""clubs""}, {""constraint"": ""movements_counterparty_person_id_fkey"", ""definition"": ""FOREIGN KEY (counterparty_person_id) REFERENCES people(id)"", ""references"": ""people""}, {""constraint"": ""movements_created_by_fkey"", ""definition"": ""FOREIGN KEY (created_by) REFERENCES users(id)"", ""references"": ""users""}, {""constraint"": ""movements_currency_code_fkey"", ""definition"": ""FOREIGN KEY (currency_code) REFERENCES currencies(code)"", ""references"": ""currencies""}, {""constraint"": ""movements_payment_method_id_fkey"", ""definition"": ""FOREIGN KEY (payment_method_id) REFERENCES payment_methods(id)"", ""references"": ""payment_methods""}, {""constraint"": ""movements_person_id_fkey"", ""definition"": ""FOREIGN KEY (person_id) REFERENCES people(id)"", ""references"": ""people""}, {""constraint"": ""movements_sector_id_fkey"", ""definition"": ""FOREIGN KEY (sector_id) REFERENCES sectors(id)"", ""references"": ""sectors""}, {""constraint"": ""movements_voided_by_fkey"", ""definition"": ""FOREIGN KEY (voided_by) REFERENCES users(id)"", ""references"": ""users""}]",1199,"DELETE por club_id, hijos FK primero"
miclub,opening_balance_batches,TENANT_DATA,"[{""name"": ""id"", ""type"": ""uuid"", ""default"": ""gen_random_uuid()"", ""nullable"": ""NO""}, {""name"": ""club_id"", ""type"": ""uuid"", ""default"": null, ""nullable"": ""NO""}, {""name"": ""revision"", ""type"": ""integer"", ""default"": null, ""nullable"": ""NO""}, {""name"": ""operation"", ""type"": ""text"", ""default"": null, ""nullable"": ""NO""}, {""name"": ""status"", ""type"": ""text"", ""default"": ""'APPLIED'::text"", ""nullable"": ""NO""}, {""name"": ""replaces_batch_id"", ""type"": ""uuid"", ""default"": null, ""nullable"": ""YES""}, {""name"": ""reconciliation_status"", ""type"": ""text"", ""default"": ""'PENDING'::text"", ""nullable"": ""NO""}, {""name"": ""idempotency_key"", ""type"": ""text"", ""default"": null, ""nullable"": ""NO""}, {""name"": ""created_by"", ""type"": ""uuid"", ""default"": null, ""nullable"": ""YES""}, {""name"": ""created_at"", ""type"": ""timestamp with time zone"", ""default"": ""now()"", ""nullable"": ""NO""}]","[{""constraint"": ""opening_balance_batches_club_id_fkey"", ""definition"": ""FOREIGN KEY (club_id) REFERENCES clubs(id)"", ""references"": ""clubs""}, {""constraint"": ""opening_balance_batches_replaces_batch_id_fkey"", ""definition"": ""FOREIGN KEY (replaces_batch_id) REFERENCES opening_balance_batches(id)"", ""references"": ""opening_balance_batches""}]",0,"DELETE por club_id, hijos FK primero"
miclub,opening_balance_movements,UNKNOWN,"[{""name"": ""movement_id"", ""type"": ""uuid"", ""default"": null, ""nullable"": ""NO""}, {""name"": ""batch_id"", ""type"": ""uuid"", ""default"": null, ""nullable"": ""NO""}, {""name"": ""reverses_movement_id"", ""type"": ""uuid"", ""default"": null, ""nullable"": ""YES""}, {""name"": ""created_at"", ""type"": ""timestamp with time zone"", ""default"": ""now()"", ""nullable"": ""NO""}]","[{""constraint"": ""opening_balance_movements_batch_id_fkey"", ""definition"": ""FOREIGN KEY (batch_id) REFERENCES opening_balance_batches(id)"", ""references"": ""opening_balance_batches""}, {""constraint"": ""opening_balance_movements_movement_id_fkey"", ""definition"": ""FOREIGN KEY (movement_id) REFERENCES movements(id)"", ""references"": ""movements""}, {""constraint"": ""opening_balance_movements_reverses_movement_id_fkey"", ""definition"": ""FOREIGN KEY (reverses_movement_id) REFERENCES movements(id)"", ""references"": ""movements""}]",0,REVISIÓN OBLIGATORIA; reset bloqueado si contiene filas
miclub,operational_balances,TENANT_DATA,"[{""name"": ""id"", ""type"": ""uuid"", ""default"": ""gen_random_uuid()"", ""nullable"": ""NO""}, {""name"": ""sector_id"", ""type"": ""uuid"", ""default"": null, ""nullable"": ""YES""}, {""name"": ""label"", ""type"": ""text"", ""default"": ""'Saldos operativos'::text"", ""nullable"": ""NO""}, {""name"": ""amount"", ""type"": ""numeric"", ""default"": ""0"", ""nullable"": ""NO""}, {""name"": ""currency_code"", ""type"": ""text"", ""default"": ""'ARS'::text"", ""nullable"": ""NO""}, {""name"": ""balance_date"", ""type"": ""date"", ""default"": ""CURRENT_DATE"", ""nullable"": ""NO""}, {""name"": ""source"", ""type"": ""text"", ""default"": ""'app'::text"", ""nullable"": ""NO""}, {""name"": ""created_at"", ""type"": ""timestamp with time zone"", ""default"": ""now()"", ""nullable"": ""NO""}, {""name"": ""cutoff_date"", ""type"": ""date"", ""default"": ""CURRENT_DATE"", ""nullable"": ""NO""}, {""name"": ""liquidity"", ""type"": ""numeric"", ""default"": ""0"", ""nullable"": ""NO""}, {""name"": ""cash"", ""type"": ""numeric"", ""default"": ""0"", ""nullable"": ""NO""}, {""name"": ""bank"", ""type"": ""numeric"", ""default"": ""0"", ""nullable"": ""NO""}, {""name"": ""dollars"", ""type"": ""numeric"", ""default"": ""0"", ""nullable"": ""NO""}, {""name"": ""source_payload"", ""type"": ""jsonb"", ""default"": null, ""nullable"": ""YES""}, {""name"": ""updated_at"", ""type"": ""timestamp with time zone"", ""default"": ""now()"", ""nullable"": ""NO""}, {""name"": ""club_id"", ""type"": ""uuid"", ""default"": null, ""nullable"": ""NO""}]","[{""constraint"": ""operational_balances_club_id_fkey"", ""definition"": ""FOREIGN KEY (club_id) REFERENCES clubs(id)"", ""references"": ""clubs""}, {""constraint"": ""operational_balances_currency_code_fkey"", ""definition"": ""FOREIGN KEY (currency_code) REFERENCES currencies(code)"", ""references"": ""currencies""}, {""constraint"": ""operational_balances_sector_id_fkey"", ""definition"": ""FOREIGN KEY (sector_id) REFERENCES sectors(id)"", ""references"": ""sectors""}]",37,"DELETE por club_id, hijos FK primero"
miclub,payment_allocations,TENANT_DATA,"[{""name"": ""id"", ""type"": ""uuid"", ""default"": ""gen_random_uuid()"", ""nullable"": ""NO""}, {""name"": ""payment_id"", ""type"": ""uuid"", ""default"": null, ""nullable"": ""NO""}, {""name"": ""receivable_id"", ""type"": ""uuid"", ""default"": null, ""nullable"": ""NO""}, {""name"": ""amount"", ""type"": ""numeric"", ""default"": null, ""nullable"": ""NO""}, {""name"": ""created_at"", ""type"": ""timestamp with time zone"", ""default"": ""now()"", ""nullable"": ""NO""}, {""name"": ""club_id"", ""type"": ""uuid"", ""default"": null, ""nullable"": ""NO""}]","[{""constraint"": ""payment_allocations_club_id_fkey"", ""definition"": ""FOREIGN KEY (club_id) REFERENCES clubs(id)"", ""references"": ""clubs""}, {""constraint"": ""payment_allocations_payment_id_fkey"", ""definition"": ""FOREIGN KEY (payment_id) REFERENCES payments(id) ON DELETE CASCADE"", ""references"": ""payments""}, {""constraint"": ""payment_allocations_receivable_id_fkey"", ""definition"": ""FOREIGN KEY (receivable_id) REFERENCES receivables(id)"", ""references"": ""receivables""}]",0,"DELETE por club_id, hijos FK primero"
miclub,payment_methods,TENANT_DATA,"[{""name"": ""id"", ""type"": ""uuid"", ""default"": ""gen_random_uuid()"", ""nullable"": ""NO""}, {""name"": ""name"", ""type"": ""text"", ""default"": null, ""nullable"": ""NO""}, {""name"": ""is_active"", ""type"": ""boolean"", ""default"": ""true"", ""nullable"": ""NO""}, {""name"": ""created_at"", ""type"": ""timestamp with time zone"", ""default"": ""now()"", ""nullable"": ""NO""}, {""name"": ""club_id"", ""type"": ""uuid"", ""default"": null, ""nullable"": ""NO""}]","[{""constraint"": ""payment_methods_club_id_fkey"", ""definition"": ""FOREIGN KEY (club_id) REFERENCES clubs(id)"", ""references"": ""clubs""}]",5,"DELETE por club_id, hijos FK primero"
miclub,payments,TENANT_DATA,"[{""name"": ""id"", ""type"": ""uuid"", ""default"": ""gen_random_uuid()"", ""nullable"": ""NO""}, {""name"": ""movement_id"", ""type"": ""uuid"", ""default"": null, ""nullable"": ""YES""}, {""name"": ""person_id"", ""type"": ""uuid"", ""default"": null, ""nullable"": ""YES""}, {""name"": ""payment_method_id"", ""type"": ""uuid"", ""default"": null, ""nullable"": ""YES""}, {""name"": ""paid_at"", ""type"": ""timestamp with time zone"", ""default"": ""now()"", ""nullable"": ""NO""}, {""name"": ""amount"", ""type"": ""numeric"", ""default"": null, ""nullable"": ""NO""}, {""name"": ""currency_code"", ""type"": ""text"", ""default"": ""'ARS'::text"", ""nullable"": ""NO""}, {""name"": ""note"", ""type"": ""text"", ""default"": null, ""nullable"": ""YES""}, {""name"": ""created_at"", ""type"": ""timestamp with time zone"", ""default"": ""now()"", ""nullable"": ""NO""}, {""name"": ""club_id"", ""type"": ""uuid"", ""default"": null, ""nullable"": ""NO""}]","[{""constraint"": ""payments_club_id_fkey"", ""definition"": ""FOREIGN KEY (club_id) REFERENCES clubs(id)"", ""references"": ""clubs""}, {""constraint"": ""payments_currency_code_fkey"", ""definition"": ""FOREIGN KEY (currency_code) REFERENCES currencies(code)"", ""references"": ""currencies""}, {""constraint"": ""payments_movement_id_fkey"", ""definition"": ""FOREIGN KEY (movement_id) REFERENCES movements(id)"", ""references"": ""movements""}, {""constraint"": ""payments_payment_method_id_fkey"", ""definition"": ""FOREIGN KEY (payment_method_id) REFERENCES payment_methods(id)"", ""references"": ""payment_methods""}, {""constraint"": ""payments_person_id_fkey"", ""definition"": ""FOREIGN KEY (person_id) REFERENCES people(id)"", ""references"": ""people""}]",0,"DELETE por club_id, hijos FK primero"
miclub,people,TENANT_DATA,"[{""name"": ""id"", ""type"": ""uuid"", ""default"": ""gen_random_uuid()"", ""nullable"": ""NO""}, {""name"": ""first_name"", ""type"": ""text"", ""default"": null, ""nullable"": ""NO""}, {""name"": ""last_name"", ""type"": ""text"", ""default"": null, ""nullable"": ""NO""}, {""name"": ""dni"", ""type"": ""text"", ""default"": null, ""nullable"": ""YES""}, {""name"": ""phone"", ""type"": ""text"", ""default"": null, ""nullable"": ""YES""}, {""name"": ""normalized_phone"", ""type"": ""text"", ""default"": null, ""nullable"": ""YES""}, {""name"": ""email"", ""type"": ""USER-DEFINED"", ""default"": null, ""nullable"": ""YES""}, {""name"": ""status"", ""type"": ""USER-DEFINED"", ""default"": ""'activa'::person_status"", ""nullable"": ""NO""}, {""name"": ""notes"", ""type"": ""text"", ""default"": null, ""nullable"": ""YES""}, {""name"": ""birth_date"", ""type"": ""date"", ""default"": null, ""nullable"": ""YES""}, {""name"": ""address"", ""type"": ""text"", ""default"": null, ""nullable"": ""YES""}, {""name"": ""created_at"", ""type"": ""timestamp with time zone"", ""default"": ""now()"", ""nullable"": ""NO""}, {""name"": ""updated_at"", ""type"": ""timestamp with time zone"", ""default"": ""now()"", ""nullable"": ""NO""}, {""name"": ""club_id"", ""type"": ""uuid"", ""default"": null, ""nullable"": ""NO""}, {""name"": ""user_id"", ""type"": ""uuid"", ""default"": null, ""nullable"": ""YES""}, {""name"": ""normalized_dni"", ""type"": ""text"", ""default"": null, ""nullable"": ""YES""}]","[{""constraint"": ""people_club_id_fkey"", ""definition"": ""FOREIGN KEY (club_id) REFERENCES clubs(id)"", ""references"": ""clubs""}, {""constraint"": ""people_user_id_fkey"", ""definition"": ""FOREIGN KEY (user_id) REFERENCES users(id) ON DELETE SET NULL"", ""references"": ""users""}]",305,"DELETE por club_id, hijos FK primero"
miclub,person_kind_links,TENANT_DATA,"[{""name"": ""person_id"", ""type"": ""uuid"", ""default"": null, ""nullable"": ""NO""}, {""name"": ""kind"", ""type"": ""USER-DEFINED"", ""default"": null, ""nullable"": ""NO""}, {""name"": ""created_at"", ""type"": ""timestamp with time zone"", ""default"": ""now()"", ""nullable"": ""NO""}, {""name"": ""club_id"", ""type"": ""uuid"", ""default"": null, ""nullable"": ""NO""}]","[{""constraint"": ""person_kind_links_club_id_fkey"", ""definition"": ""FOREIGN KEY (club_id) REFERENCES clubs(id)"", ""references"": ""clubs""}, {""constraint"": ""person_kind_links_person_id_fkey"", ""definition"": ""FOREIGN KEY (person_id) REFERENCES people(id) ON DELETE CASCADE"", ""references"": ""people""}]",305,"DELETE por club_id, hijos FK primero"
miclub,plan_entitlements,GLOBAL_STRUCTURAL,"[{""name"": ""plan_code"", ""type"": ""text"", ""default"": null, ""nullable"": ""NO""}, {""name"": ""feature_code"", ""type"": ""text"", ""default"": null, ""nullable"": ""NO""}, {""name"": ""created_at"", ""type"": ""timestamp with time zone"", ""default"": ""now()"", ""nullable"": ""NO""}]","[{""constraint"": ""plan_entitlements_feature_code_fkey"", ""definition"": ""FOREIGN KEY (feature_code) REFERENCES features(code) ON DELETE CASCADE"", ""references"": ""features""}, {""constraint"": ""plan_entitlements_plan_code_fkey"", ""definition"": ""FOREIGN KEY (plan_code) REFERENCES plans(code) ON DELETE CASCADE"", ""references"": ""plans""}]",1,CONSERVAR y comparar huella
miclub,plans,GLOBAL_STRUCTURAL,"[{""name"": ""code"", ""type"": ""text"", ""default"": null, ""nullable"": ""NO""}, {""name"": ""name"", ""type"": ""text"", ""default"": null, ""nullable"": ""NO""}, {""name"": ""catalog_status"", ""type"": ""text"", ""default"": null, ""nullable"": ""NO""}, {""name"": ""is_development"", ""type"": ""boolean"", ""default"": ""false"", ""nullable"": ""NO""}, {""name"": ""created_at"", ""type"": ""timestamp with time zone"", ""default"": ""now()"", ""nullable"": ""NO""}, {""name"": ""commercial_class"", ""type"": ""text"", ""default"": null, ""nullable"": ""NO""}]","[]",5,CONSERVAR y comparar huella
miclub,rate_limit_buckets,UNKNOWN,"[{""name"": ""bucket_key"", ""type"": ""text"", ""default"": null, ""nullable"": ""NO""}, {""name"": ""window_start"", ""type"": ""timestamp with time zone"", ""default"": null, ""nullable"": ""NO""}, {""name"": ""request_count"", ""type"": ""integer"", ""default"": null, ""nullable"": ""NO""}, {""name"": ""expires_at"", ""type"": ""timestamp with time zone"", ""default"": null, ""nullable"": ""NO""}]","[]",0,REVISIÓN OBLIGATORIA; reset bloqueado si contiene filas
miclub,receivables,TENANT_DATA,"[{""name"": ""id"", ""type"": ""uuid"", ""default"": ""gen_random_uuid()"", ""nullable"": ""NO""}, {""name"": ""person_id"", ""type"": ""uuid"", ""default"": null, ""nullable"": ""NO""}, {""name"": ""enrollment_id"", ""type"": ""uuid"", ""default"": null, ""nullable"": ""YES""}, {""name"": ""sector_id"", ""type"": ""uuid"", ""default"": null, ""nullable"": ""YES""}, {""name"": ""activity_id"", ""type"": ""uuid"", ""default"": null, ""nullable"": ""YES""}, {""name"": ""concept"", ""type"": ""text"", ""default"": null, ""nullable"": ""NO""}, {""name"": ""period_month"", ""type"": ""smallint"", ""default"": null, ""nullable"": ""YES""}, {""name"": ""period_year"", ""type"": ""smallint"", ""default"": null, ""nullable"": ""YES""}, {""name"": ""due_date"", ""type"": ""date"", ""default"": null, ""nullable"": ""YES""}, {""name"": ""amount"", ""type"": ""numeric"", ""default"": null, ""nullable"": ""NO""}, {""name"": ""club_amount"", ""type"": ""numeric"", ""default"": ""0"", ""nullable"": ""NO""}, {""name"": ""status"", ""type"": ""USER-DEFINED"", ""default"": ""'pendiente'::receivable_status"", ""nullable"": ""NO""}, {""name"": ""created_at"", ""type"": ""timestamp with time zone"", ""default"": ""now()"", ""nullable"": ""NO""}, {""name"": ""updated_at"", ""type"": ""timestamp with time zone"", ""default"": ""now()"", ""nullable"": ""NO""}, {""name"": ""club_id"", ""type"": ""uuid"", ""default"": null, ""nullable"": ""NO""}]","[{""constraint"": ""receivables_activity_id_fkey"", ""definition"": ""FOREIGN KEY (activity_id) REFERENCES activities(id)"", ""references"": ""activities""}, {""constraint"": ""receivables_club_id_fkey"", ""definition"": ""FOREIGN KEY (club_id) REFERENCES clubs(id)"", ""references"": ""clubs""}, {""constraint"": ""receivables_enrollment_id_fkey"", ""definition"": ""FOREIGN KEY (enrollment_id) REFERENCES enrollments(id)"", ""references"": ""enrollments""}, {""constraint"": ""receivables_person_id_fkey"", ""definition"": ""FOREIGN KEY (person_id) REFERENCES people(id)"", ""references"": ""people""}, {""constraint"": ""receivables_sector_id_fkey"", ""definition"": ""FOREIGN KEY (sector_id) REFERENCES sectors(id)"", ""references"": ""sectors""}]",0,"DELETE por club_id, hijos FK primero"
miclub,roles,TENANT_DATA,"[{""name"": ""id"", ""type"": ""uuid"", ""default"": ""gen_random_uuid()"", ""nullable"": ""NO""}, {""name"": ""code"", ""type"": ""text"", ""default"": null, ""nullable"": ""NO""}, {""name"": ""name"", ""type"": ""text"", ""default"": null, ""nullable"": ""NO""}, {""name"": ""description"", ""type"": ""text"", ""default"": null, ""nullable"": ""YES""}, {""name"": ""created_at"", ""type"": ""timestamp with time zone"", ""default"": ""now()"", ""nullable"": ""NO""}, {""name"": ""club_id"", ""type"": ""uuid"", ""default"": null, ""nullable"": ""NO""}]","[{""constraint"": ""roles_club_id_fkey"", ""definition"": ""FOREIGN KEY (club_id) REFERENCES clubs(id)"", ""references"": ""clubs""}]",6,"DELETE por club_id, hijos FK primero"
miclub,salon_hour_prices,TENANT_DATA,"[{""name"": ""id"", ""type"": ""uuid"", ""default"": ""gen_random_uuid()"", ""nullable"": ""NO""}, {""name"": ""hours"", ""type"": ""integer"", ""default"": null, ""nullable"": ""NO""}, {""name"": ""price"", ""type"": ""numeric"", ""default"": ""0"", ""nullable"": ""NO""}, {""name"": ""is_active"", ""type"": ""boolean"", ""default"": ""true"", ""nullable"": ""NO""}, {""name"": ""created_at"", ""type"": ""timestamp with time zone"", ""default"": ""now()"", ""nullable"": ""NO""}, {""name"": ""club_id"", ""type"": ""uuid"", ""default"": null, ""nullable"": ""NO""}]","[{""constraint"": ""salon_hour_prices_club_id_fkey"", ""definition"": ""FOREIGN KEY (club_id) REFERENCES clubs(id)"", ""references"": ""clubs""}]",13,"DELETE por club_id, hijos FK primero"
miclub,sector_settlements,UNKNOWN,"[{""name"": ""id"", ""type"": ""uuid"", ""default"": ""gen_random_uuid()"", ""nullable"": ""NO""}, {""name"": ""sector_id"", ""type"": ""uuid"", ""default"": null, ""nullable"": ""NO""}, {""name"": ""responsible_person_id"", ""type"": ""uuid"", ""default"": null, ""nullable"": ""YES""}, {""name"": ""settlement_date"", ""type"": ""date"", ""default"": ""CURRENT_DATE"", ""nullable"": ""NO""}, {""name"": ""period_month"", ""type"": ""smallint"", ""default"": null, ""nullable"": ""YES""}, {""name"": ""period_year"", ""type"": ""smallint"", ""default"": null, ""nullable"": ""YES""}, {""name"": ""gross_income"", ""type"": ""numeric"", ""default"": ""0"", ""nullable"": ""NO""}, {""name"": ""commissions"", ""type"": ""numeric"", ""default"": ""0"", ""nullable"": ""NO""}, {""name"": ""expenses"", ""type"": ""numeric"", ""default"": ""0"", ""nullable"": ""NO""}, {""name"": ""amount_to_pay"", ""type"": ""numeric"", ""default"": ""0"", ""nullable"": ""NO""}, {""name"": ""status"", ""type"": ""USER-DEFINED"", ""default"": ""'pendiente'::financial_status"", ""nullable"": ""NO""}, {""name"": ""notes"", ""type"": ""text"", ""default"": null, ""nullable"": ""YES""}, {""name"": ""created_at"", ""type"": ""timestamp with time zone"", ""default"": ""now()"", ""nullable"": ""NO""}]","[{""constraint"": ""sector_settlements_responsible_person_id_fkey"", ""definition"": ""FOREIGN KEY (responsible_person_id) REFERENCES people(id)"", ""references"": ""people""}, {""constraint"": ""sector_settlements_sector_id_fkey"", ""definition"": ""FOREIGN KEY (sector_id) REFERENCES sectors(id)"", ""references"": ""sectors""}]",0,REVISIÓN OBLIGATORIA; reset bloqueado si contiene filas
miclub,sector_templates,GLOBAL_STRUCTURAL,"[{""name"": ""id"", ""type"": ""uuid"", ""default"": ""gen_random_uuid()"", ""nullable"": ""NO""}, {""name"": ""code"", ""type"": ""text"", ""default"": null, ""nullable"": ""NO""}, {""name"": ""display_name"", ""type"": ""text"", ""default"": null, ""nullable"": ""NO""}, {""name"": ""icon_key"", ""type"": ""text"", ""default"": null, ""nullable"": ""NO""}, {""name"": ""active"", ""type"": ""boolean"", ""default"": ""true"", ""nullable"": ""NO""}, {""name"": ""display_order"", ""type"": ""integer"", ""default"": null, ""nullable"": ""NO""}]","[]",30,CONSERVAR y comparar huella
miclub,sectors,TENANT_DATA,"[{""name"": ""id"", ""type"": ""uuid"", ""default"": ""gen_random_uuid()"", ""nullable"": ""NO""}, {""name"": ""manager_person_id"", ""type"": ""uuid"", ""default"": null, ""nullable"": ""YES""}, {""name"": ""code"", ""type"": ""text"", ""default"": null, ""nullable"": ""NO""}, {""name"": ""name"", ""type"": ""text"", ""default"": null, ""nullable"": ""NO""}, {""name"": ""color"", ""type"": ""text"", ""default"": ""'#7DD3FC'::text"", ""nullable"": ""NO""}, {""name"": ""opening_time"", ""type"": ""time without time zone"", ""default"": null, ""nullable"": ""YES""}, {""name"": ""closing_time"", ""type"": ""time without time zone"", ""default"": null, ""nullable"": ""YES""}, {""name"": ""max_capacity"", ""type"": ""integer"", ""default"": null, ""nullable"": ""YES""}, {""name"": ""municipal_status"", ""type"": ""USER-DEFINED"", ""default"": ""'pendiente'::entity_status"", ""nullable"": ""NO""}, {""name"": ""financial_status"", ""type"": ""USER-DEFINED"", ""default"": ""'sin_movimientos'::financial_status"", ""nullable"": ""NO""}, {""name"": ""operational_status"", ""type"": ""USER-DEFINED"", ""default"": ""'activa'::entity_status"", ""nullable"": ""NO""}, {""name"": ""uses_enrollments"", ""type"": ""boolean"", ""default"": ""false"", ""nullable"": ""NO""}, {""name"": ""uses_activities"", ""type"": ""boolean"", ""default"": ""true"", ""nullable"": ""NO""}, {""name"": ""notes"", ""type"": ""text"", ""default"": null, ""nullable"": ""YES""}, {""name"": ""created_at"", ""type"": ""timestamp with time zone"", ""default"": ""now()"", ""nullable"": ""NO""}, {""name"": ""updated_at"", ""type"": ""timestamp with time zone"", ""default"": ""now()"", ""nullable"": ""NO""}, {""name"": ""club_id"", ""type"": ""uuid"", ""default"": null, ""nullable"": ""NO""}, {""name"": ""description"", ""type"": ""text"", ""default"": null, ""nullable"": ""YES""}, {""name"": ""icon"", ""type"": ""text"", ""default"": null, ""nullable"": ""YES""}, {""name"": ""status"", ""type"": ""text"", ""default"": null, ""nullable"": ""YES""}, {""name"": ""capacity_mode"", ""type"": ""text"", ""default"": null, ""nullable"": ""YES""}, {""name"": ""configured_capacity"", ""type"": ""integer"", ""default"": null, ""nullable"": ""YES""}, {""name"": ""is_system"", ""type"": ""boolean"", ""default"": ""false"", ""nullable"": ""NO""}, {""name"": ""archived_at"", ""type"": ""timestamp with time zone"", ""default"": null, ""nullable"": ""YES""}, {""name"": ""created_by"", ""type"": ""uuid"", ""default"": null, ""nullable"": ""YES""}, {""name"": ""updated_by"", ""type"": ""uuid"", ""default"": null, ""nullable"": ""YES""}, {""name"": ""template_id"", ""type"": ""uuid"", ""default"": null, ""nullable"": ""YES""}]","[{""constraint"": ""sectors_club_id_fkey"", ""definition"": ""FOREIGN KEY (club_id) REFERENCES clubs(id)"", ""references"": ""clubs""}, {""constraint"": ""sectors_created_by_fkey"", ""definition"": ""FOREIGN KEY (created_by) REFERENCES people(id)"", ""references"": ""people""}, {""constraint"": ""sectors_manager_person_id_fkey"", ""definition"": ""FOREIGN KEY (manager_person_id) REFERENCES people(id)"", ""references"": ""people""}, {""constraint"": ""sectors_template_fk"", ""definition"": ""FOREIGN KEY (template_id) REFERENCES sector_templates(id)"", ""references"": ""sector_templates""}, {""constraint"": ""sectors_updated_by_fkey"", ""definition"": ""FOREIGN KEY (updated_by) REFERENCES people(id)"", ""references"": ""people""}]",11,"DELETE por club_id, hijos FK primero"
miclub,sheet_metric_snapshots,TENANT_DATA,"[{""name"": ""metric_key"", ""type"": ""text"", ""default"": null, ""nullable"": ""NO""}, {""name"": ""metric_value"", ""type"": ""numeric"", ""default"": null, ""nullable"": ""YES""}, {""name"": ""captured_at"", ""type"": ""timestamp with time zone"", ""default"": ""now()"", ""nullable"": ""NO""}, {""name"": ""source"", ""type"": ""text"", ""default"": ""'google_sheets'::text"", ""nullable"": ""NO""}, {""name"": ""source_range"", ""type"": ""text"", ""default"": null, ""nullable"": ""YES""}, {""name"": ""source_payload"", ""type"": ""jsonb"", ""default"": null, ""nullable"": ""YES""}, {""name"": ""club_id"", ""type"": ""uuid"", ""default"": null, ""nullable"": ""NO""}]","[{""constraint"": ""sheet_metric_snapshots_club_id_fkey"", ""definition"": ""FOREIGN KEY (club_id) REFERENCES clubs(id)"", ""references"": ""clubs""}]",2311,"DELETE por club_id, hijos FK primero"
miclub,system_months,GLOBAL_STRUCTURAL,"[{""name"": ""month_number"", ""type"": ""smallint"", ""default"": null, ""nullable"": ""NO""}, {""name"": ""name"", ""type"": ""text"", ""default"": null, ""nullable"": ""NO""}]","[]",12,CONSERVAR y comparar huella
miclub,tasks,TENANT_DATA,"[{""name"": ""id"", ""type"": ""uuid"", ""default"": ""gen_random_uuid()"", ""nullable"": ""NO""}, {""name"": ""club_id"", ""type"": ""uuid"", ""default"": null, ""nullable"": ""NO""}, {""name"": ""title"", ""type"": ""text"", ""default"": null, ""nullable"": ""NO""}, {""name"": ""description"", ""type"": ""text"", ""default"": null, ""nullable"": ""YES""}, {""name"": ""status"", ""type"": ""text"", ""default"": ""'PENDING'::text"", ""nullable"": ""NO""}, {""name"": ""priority"", ""type"": ""text"", ""default"": ""'NORMAL'::text"", ""nullable"": ""NO""}, {""name"": ""due_at"", ""type"": ""timestamp with time zone"", ""default"": null, ""nullable"": ""YES""}, {""name"": ""completed_at"", ""type"": ""timestamp with time zone"", ""default"": null, ""nullable"": ""YES""}, {""name"": ""created_by_user_id"", ""type"": ""uuid"", ""default"": null, ""nullable"": ""YES""}, {""name"": ""created_by_membership_id"", ""type"": ""uuid"", ""default"": null, ""nullable"": ""YES""}, {""name"": ""assigned_to_user_id"", ""type"": ""uuid"", ""default"": null, ""nullable"": ""YES""}, {""name"": ""assigned_to_membership_id"", ""type"": ""uuid"", ""default"": null, ""nullable"": ""YES""}, {""name"": ""related_entity_type"", ""type"": ""text"", ""default"": null, ""nullable"": ""YES""}, {""name"": ""related_entity_id"", ""type"": ""uuid"", ""default"": null, ""nullable"": ""YES""}, {""name"": ""metadata"", ""type"": ""jsonb"", ""default"": ""'{}'::jsonb"", ""nullable"": ""NO""}, {""name"": ""created_at"", ""type"": ""timestamp with time zone"", ""default"": ""now()"", ""nullable"": ""NO""}, {""name"": ""updated_at"", ""type"": ""timestamp with time zone"", ""default"": ""now()"", ""nullable"": ""NO""}, {""name"": ""archived_at"", ""type"": ""timestamp with time zone"", ""default"": null, ""nullable"": ""YES""}]","[{""constraint"": ""tasks_assigned_to_membership_id_fkey"", ""definition"": ""FOREIGN KEY (assigned_to_membership_id) REFERENCES user_club_memberships(id) ON DELETE SET NULL"", ""references"": ""user_club_memberships""}, {""constraint"": ""tasks_assigned_to_user_id_fkey"", ""definition"": ""FOREIGN KEY (assigned_to_user_id) REFERENCES users(id) ON DELETE SET NULL"", ""references"": ""users""}, {""constraint"": ""tasks_club_id_fkey"", ""definition"": ""FOREIGN KEY (club_id) REFERENCES clubs(id) ON DELETE CASCADE"", ""references"": ""clubs""}, {""constraint"": ""tasks_created_by_membership_id_fkey"", ""definition"": ""FOREIGN KEY (created_by_membership_id) REFERENCES user_club_memberships(id) ON DELETE SET NULL"", ""references"": ""user_club_memberships""}, {""constraint"": ""tasks_created_by_user_id_fkey"", ""definition"": ""FOREIGN KEY (created_by_user_id) REFERENCES users(id) ON DELETE SET NULL"", ""references"": ""users""}]",0,"DELETE por club_id, hijos FK primero"
miclub,tenant_sequences,TENANT_DATA,"[{""name"": ""club_id"", ""type"": ""uuid"", ""default"": null, ""nullable"": ""NO""}, {""name"": ""entity_type"", ""type"": ""text"", ""default"": null, ""nullable"": ""NO""}, {""name"": ""last_value"", ""type"": ""bigint"", ""default"": null, ""nullable"": ""NO""}]","[{""constraint"": ""tenant_sequences_club_id_fkey"", ""definition"": ""FOREIGN KEY (club_id) REFERENCES clubs(id) ON DELETE CASCADE"", ""references"": ""clubs""}]",2,"DELETE por club_id, hijos FK primero"
miclub,user_club_memberships,TENANT_DATA,"[{""name"": ""id"", ""type"": ""uuid"", ""default"": ""gen_random_uuid()"", ""nullable"": ""NO""}, {""name"": ""user_id"", ""type"": ""uuid"", ""default"": null, ""nullable"": ""NO""}, {""name"": ""club_id"", ""type"": ""uuid"", ""default"": null, ""nullable"": ""NO""}, {""name"": ""role_id"", ""type"": ""uuid"", ""default"": null, ""nullable"": ""NO""}, {""name"": ""status"", ""type"": ""text"", ""default"": ""'active'::text"", ""nullable"": ""NO""}, {""name"": ""permissions"", ""type"": ""ARRAY"", ""default"": ""'{}'::text[]"", ""nullable"": ""NO""}, {""name"": ""sector_ids"", ""type"": ""ARRAY"", ""default"": ""'{}'::uuid[]"", ""nullable"": ""NO""}, {""name"": ""created_at"", ""type"": ""timestamp with time zone"", ""default"": ""now()"", ""nullable"": ""NO""}, {""name"": ""updated_at"", ""type"": ""timestamp with time zone"", ""default"": ""now()"", ""nullable"": ""NO""}]","[{""constraint"": ""user_club_memberships_club_id_fkey"", ""definition"": ""FOREIGN KEY (club_id) REFERENCES clubs(id) ON DELETE CASCADE"", ""references"": ""clubs""}, {""constraint"": ""user_club_memberships_role_club_fkey"", ""definition"": ""FOREIGN KEY (role_id, club_id) REFERENCES roles(id, club_id)"", ""references"": ""roles""}, {""constraint"": ""user_club_memberships_user_id_fkey"", ""definition"": ""FOREIGN KEY (user_id) REFERENCES users(id) ON DELETE CASCADE"", ""references"": ""users""}]",1,"DELETE por club_id, hijos FK primero"
miclub,users,MIXED,"[{""name"": ""id"", ""type"": ""uuid"", ""default"": ""gen_random_uuid()"", ""nullable"": ""NO""}, {""name"": ""role_id"", ""type"": ""uuid"", ""default"": null, ""nullable"": ""YES""}, {""name"": ""email"", ""type"": ""USER-DEFINED"", ""default"": null, ""nullable"": ""NO""}, {""name"": ""password_hash"", ""type"": ""text"", ""default"": null, ""nullable"": ""NO""}, {""name"": ""display_name"", ""type"": ""text"", ""default"": null, ""nullable"": ""NO""}, {""name"": ""is_active"", ""type"": ""boolean"", ""default"": ""true"", ""nullable"": ""NO""}, {""name"": ""last_login_at"", ""type"": ""timestamp with time zone"", ""default"": null, ""nullable"": ""YES""}, {""name"": ""created_at"", ""type"": ""timestamp with time zone"", ""default"": ""now()"", ""nullable"": ""NO""}, {""name"": ""updated_at"", ""type"": ""timestamp with time zone"", ""default"": ""now()"", ""nullable"": ""NO""}, {""name"": ""status"", ""type"": ""text"", ""default"": ""'active'::text"", ""nullable"": ""NO""}, {""name"": ""failed_login_attempts"", ""type"": ""integer"", ""default"": ""0"", ""nullable"": ""NO""}, {""name"": ""locked_until"", ""type"": ""timestamp with time zone"", ""default"": null, ""nullable"": ""YES""}, {""name"": ""session_revoked_before"", ""type"": ""timestamp with time zone"", ""default"": null, ""nullable"": ""YES""}]","[{""constraint"": ""app_users_role_id_fkey"", ""definition"": ""FOREIGN KEY (role_id) REFERENCES roles(id)"", ""references"": ""roles""}]",1,DELETE únicamente UUID diagnóstico/club verificado
miclub,worker_invitations,TENANT_DATA,"[{""name"": ""id"", ""type"": ""uuid"", ""default"": ""gen_random_uuid()"", ""nullable"": ""NO""}, {""name"": ""club_id"", ""type"": ""uuid"", ""default"": null, ""nullable"": ""NO""}, {""name"": ""user_id"", ""type"": ""uuid"", ""default"": null, ""nullable"": ""NO""}, {""name"": ""role_id"", ""type"": ""uuid"", ""default"": null, ""nullable"": ""NO""}, {""name"": ""invited_by"", ""type"": ""uuid"", ""default"": null, ""nullable"": ""NO""}, {""name"": ""membership_id"", ""type"": ""uuid"", ""default"": null, ""nullable"": ""YES""}, {""name"": ""token_hash"", ""type"": ""text"", ""default"": null, ""nullable"": ""NO""}, {""name"": ""worker_data"", ""type"": ""jsonb"", ""default"": null, ""nullable"": ""NO""}, {""name"": ""status"", ""type"": ""text"", ""default"": ""'pending'::text"", ""nullable"": ""NO""}, {""name"": ""expires_at"", ""type"": ""timestamp with time zone"", ""default"": null, ""nullable"": ""NO""}, {""name"": ""resolved_at"", ""type"": ""timestamp with time zone"", ""default"": null, ""nullable"": ""YES""}, {""name"": ""created_at"", ""type"": ""timestamp with time zone"", ""default"": ""now()"", ""nullable"": ""NO""}]","[{""constraint"": ""worker_invitations_club_id_fkey"", ""definition"": ""FOREIGN KEY (club_id) REFERENCES clubs(id) ON DELETE CASCADE"", ""references"": ""clubs""}, {""constraint"": ""worker_invitations_invited_by_fkey"", ""definition"": ""FOREIGN KEY (invited_by) REFERENCES users(id)"", ""references"": ""users""}, {""constraint"": ""worker_invitations_membership_id_fkey"", ""definition"": ""FOREIGN KEY (membership_id) REFERENCES user_club_memberships(id)"", ""references"": ""user_club_memberships""}, {""constraint"": ""worker_invitations_role_id_fkey"", ""definition"": ""FOREIGN KEY (role_id) REFERENCES roles(id)"", ""references"": ""roles""}, {""constraint"": ""worker_invitations_user_id_fkey"", ""definition"": ""FOREIGN KEY (user_id) REFERENCES users(id) ON DELETE CASCADE"", ""references"": ""users""}]",0,"DELETE por club_id, hijos FK primero"
miclub,xlsx_import_rows,TENANT_DATA,"[{""name"": ""club_id"", ""type"": ""uuid"", ""default"": null, ""nullable"": ""NO""}, {""name"": ""batch_id"", ""type"": ""uuid"", ""default"": null, ""nullable"": ""NO""}, {""name"": ""sheet"", ""type"": ""text"", ""default"": null, ""nullable"": ""NO""}, {""name"": ""row_fingerprint"", ""type"": ""text"", ""default"": null, ""nullable"": ""NO""}, {""name"": ""external_reference"", ""type"": ""text"", ""default"": null, ""nullable"": ""YES""}, {""name"": ""source_row_number"", ""type"": ""integer"", ""default"": null, ""nullable"": ""NO""}, {""name"": ""entity_id"", ""type"": ""uuid"", ""default"": null, ""nullable"": ""NO""}, {""name"": ""imported_at"", ""type"": ""timestamp with time zone"", ""default"": ""now()"", ""nullable"": ""NO""}]","[{""constraint"": ""xlsx_import_rows_batch_id_fkey"", ""definition"": ""FOREIGN KEY (batch_id) REFERENCES import_batches(id) ON DELETE CASCADE"", ""references"": ""import_batches""}, {""constraint"": ""xlsx_import_rows_club_id_fkey"", ""definition"": ""FOREIGN KEY (club_id) REFERENCES clubs(id) ON DELETE CASCADE"", ""references"": ""clubs""}]",0,"DELETE por club_id, hijos FK primero"
pg_temp_23,reset_global_fingerprints,SYSTEM_INTERNAL,"[{""name"": ""table_schema"", ""type"": ""text"", ""default"": null, ""nullable"": ""NO""}, {""name"": ""table_name"", ""type"": ""text"", ""default"": null, ""nullable"": ""NO""}, {""name"": ""subset_name"", ""type"": ""text"", ""default"": null, ""nullable"": ""NO""}, {""name"": ""subset_predicate"", ""type"": ""text"", ""default"": null, ""nullable"": ""YES""}, {""name"": ""row_count"", ""type"": ""bigint"", ""default"": null, ""nullable"": ""YES""}, {""name"": ""content_md5"", ""type"": ""text"", ""default"": null, ""nullable"": ""YES""}]","[]",15,CONSERVAR
pg_temp_23,reset_precheck_checks,SYSTEM_INTERNAL,"[{""name"": ""check_name"", ""type"": ""text"", ""default"": null, ""nullable"": ""NO""}, {""name"": ""passed"", ""type"": ""boolean"", ""default"": null, ""nullable"": ""NO""}, {""name"": ""detail"", ""type"": ""text"", ""default"": null, ""nullable"": ""NO""}]","[]",13,CONSERVAR
pg_temp_23,reset_unexpected_rows,SYSTEM_INTERNAL,"[{""name"": ""reason"", ""type"": ""text"", ""default"": null, ""nullable"": ""NO""}, {""name"": ""source_table"", ""type"": ""text"", ""default"": null, ""nullable"": ""NO""}, {""name"": ""row_data"", ""type"": ""jsonb"", ""default"": null, ""nullable"": ""NO""}]","[]",0,CONSERVAR
